state_code,district_code,district,population,sc,st,households,state
1,1,Kupwara,870354,1048,70352,113929,Jammu & Kashmir
1,2,Badgam,753745,368,23912,103363,Jammu & Kashmir
1,3,Leh(Ladakh),133487,488,95857,21909,Jammu & Kashmir
1,4,Kargil,140802,18,122336,18338,Jammu & Kashmir
1,5,Punch,476835,556,176101,90261,Jammu & Kashmir
1,6,Rajouri,642415,48157,232815,130401,Jammu & Kashmir
1,7,Kathua,616435,141224,53307,119583,Jammu & Kashmir
1,8,Baramula,1008039,1476,37705,152635,Jammu & Kashmir
1,9,Bandipore,392232,392,75374,58392,Jammu & Kashmir
1,10,Srinagar,1236829,1068,8935,191678,Jammu & Kashmir
1,11,Ganderbal,297446,117,61070,45361,Jammu & Kashmir
1,12,Pulwama,560440,402,22607,86241,Jammu & Kashmir
1,13,Shupiyan,266215,43,21820,44411,Jammu & Kashmir
1,14,Anantnag,1078692,1826,116006,153640,Jammu & Kashmir
1,15,Kulgam,424483,21,26525,73728,Jammu & Kashmir
1,16,Doda,409936,53408,39216,79636,Jammu & Kashmir
1,17,Ramban,283713,13920,39772,55490,Jammu & Kashmir
1,18,Kishtwar,230696,14307,38149,45209,Jammu & Kashmir
1,19,Udhampur,554985,138569,56309,99240,Jammu & Kashmir
1,20,Reasi,314667,37757,88365,56689,Jammu & Kashmir
1,21,Jammu,1529958,377991,69193,314199,Jammu & Kashmir
1,22,Samba,318898,91835,17573,65385,Jammu & Kashmir
2,23,Chamba,519080,111690,135500,102460,Himachal Pradesh
2,24,Kangra,1510075,319385,84564,338887,Himachal Pradesh
2,25,Lahul & Spiti,31564,2235,25707,6674,Himachal Pradesh
2,26,Kullu,437903,122659,16822,94807,Himachal Pradesh
2,27,Mandi,999777,293739,12787,219145,Himachal Pradesh
2,28,Hamirpur,454768,109256,3044,105519,Himachal Pradesh
2,29,Una,521173,115491,8601,110332,Himachal Pradesh
2,30,Bilaspur,381956,98989,10693,80485,Himachal Pradesh
2,31,Solan,580320,164536,25645,122425,Himachal Pradesh
2,32,Sirmaur,529855,160745,11262,98208,Himachal Pradesh
2,33,Shimla,814010,215777,8755,184362,Himachal Pradesh
2,34,Kinnaur,84121,14750,48746,19976,Himachal Pradesh
3,35,Gurdaspur,2298323,580576,0,443666,Punjab
3,36,Kapurthala,815168,276707,0,167989,Punjab
3,37,Jalandhar,2193590,854444,0,461635,Punjab
3,38,Hoshiarpur,1586625,557504,0,336994,Punjab
3,39,Shahid Bhagat Singh Nagar,612310,260284,0,129500,Punjab
3,40,Fatehgarh Sahib,600163,192493,0,118100,Punjab
3,41,Ludhiana,3498739,923358,0,716826,Punjab
3,42,Moga,995746,363417,0,193256,Punjab
3,43,Firozpur,2029074,855726,0,385994,Punjab
3,44,Muktsar,901896,381554,0,174360,Punjab
3,45,Faridkot,617508,240328,0,120893,Punjab
3,46,Bathinda,1388525,450473,0,273902,Punjab
3,47,Mansa,769751,258878,0,149630,Punjab
3,48,Patiala,1895686,465359,0,372293,Punjab
3,49,Amritsar,2490656,770864,0,488898,Punjab
3,50,Tarn Taran,1119627,377468,0,203421,Punjab
3,51,Rupnagar,684627,180905,0,135635,Punjab
3,52,Sahibzada Ajit Singh Nagar,994628,216231,0,205411,Punjab
3,53,Sangrur,1655169,461609,0,318870,Punjab
3,54,Barnala,595527,192001,0,115798,Punjab
4,55,Chandigarh,1055450,199086,0,241173,Chandigarh
5,56,Uttarkashi,330086,80567,3512,67602,Uttarakhand
5,57,Chamoli,391605,79317,12260,88964,Uttarakhand
5,58,Rudraprayag,242285,47679,386,53542,Uttarakhand
5,59,Tehri Garhwal,618931,102130,875,132714,Uttarakhand
5,60,Dehradun,1696694,228901,111663,347001,Uttarakhand
5,61,Garhwal,687271,122361,2215,161778,Uttarakhand
5,62,Pithoragarh,483439,120378,19535,114730,Uttarakhand
5,63,Bageshwar,259898,72061,1982,58046,Uttarakhand
5,64,Almora,622506,150995,1281,140577,Uttarakhand
5,65,Champawat,259648,47383,1339,53953,Uttarakhand
5,66,Nainital,954605,191206,7495,191383,Uttarakhand
5,67,Udham Singh Nagar,1648902,238264,123037,308581,Uttarakhand
5,68,Hardwar,1890422,411274,6323,338104,Uttarakhand
6,69,Panchkula,561293,101830,0,117107,Haryana
6,70,Ambala,1128350,296246,0,224334,Haryana
6,71,Yamunanagar,1214205,306743,0,235423,Haryana
6,72,Kurukshetra,964655,215128,0,188143,Haryana
6,73,Kaithal,1074304,247513,0,204274,Haryana
6,74,Karnal,1505324,339604,0,292084,Haryana
6,75,Panipat,1205437,206213,0,235640,Haryana
6,76,Sonipat,1450001,269935,0,277726,Haryana
6,77,Jind,1334152,282351,0,249736,Haryana
6,78,Fatehabad,942011,284357,0,180637,Haryana
6,79,Sirsa,1295189,387381,0,246571,Haryana
6,80,Hisar,1743931,408785,0,335608,Haryana
6,81,Bhiwani,1634445,341162,0,311380,Haryana
6,82,Rohtak,1061204,216889,0,206988,Haryana
6,83,Jhajjar,958405,170448,0,185334,Haryana
6,84,Mahendragarh,922088,156314,0,171712,Haryana
6,85,Rewari,900332,182606,0,178043,Haryana
6,86,Gurgaon,1514432,197937,0,326428,Haryana
6,87,Mewat,1089263,75251,0,160280,Haryana
6,88,Faridabad,1809733,223799,0,358919,Haryana
6,89,Palwal,1042708,203123,0,171157,Haryana
7,90,North West,3656539,697237,0,736253,Delhi
7,91,North,887978,165663,0,180044,Delhi
7,92,North East,2241624,373758,0,406125,Delhi
7,93,East,1709346,281422,0,358937,Delhi
7,94,New Delhi,142004,33245,0,33208,Delhi
7,95,Central,582320,143178,0,119639,Delhi
7,96,West,2543243,376472,0,533221,Delhi
7,97,South West,2292958,318408,0,494439,Delhi
7,98,South,2731929,422926,0,574133,Delhi
8,99,Ganganagar,1969168,720412,13477,387511,Rajasthan
8,100,Hanumangarh,1774692,494189,14289,336192,Rajasthan
8,101,Bikaner,2363937,493646,7779,384944,Rajasthan
8,102,Churu,2039547,451721,11245,348984,Rajasthan
8,103,Jhunjhunun,2137045,360709,41629,384197,Rajasthan
8,104,Alwar,3674179,653036,289249,639720,Rajasthan
8,105,Bharatpur,2548462,557305,54090,425414,Rajasthan
8,106,Dhaulpur,1206516,245695,58594,203754,Rajasthan
8,107,Karauli,1458248,354465,324960,262503,Rajasthan
8,108,Sawai Madhopur,1335551,278789,285848,254716,Rajasthan
8,109,Dausa,1634409,354337,433344,292502,Rajasthan
8,110,Jaipur,6626178,1003302,527966,1177096,Rajasthan
8,111,Sikar,2677333,418806,75349,444816,Rajasthan
8,112,Nagaur,3307743,699911,10418,578809,Rajasthan
8,113,Jodhpur,3687165,608024,118924,649013,Rajasthan
8,114,Jaisalmer,669919,99134,42429,117171,Rajasthan
8,115,Barmer,2603751,436414,176257,451629,Rajasthan
8,116,Jalor,1828730,357196,178719,326134,Rajasthan
8,117,Sirohi,1036346,201863,292470,201785,Rajasthan
8,118,Pali,2037573,398096,144578,418157,Rajasthan
8,119,Ajmer,2583052,478027,63482,494832,Rajasthan
8,120,Tonk,1421326,287903,178207,266870,Rajasthan
8,121,Bundi,1110906,210788,228549,220768,Rajasthan
8,122,Bhilwara,2408523,407947,229273,498125,Rajasthan
8,123,Rajsamand,1156597,148168,160809,243078,Rajasthan
8,124,Dungarpur,1388552,52267,983437,282029,Rajasthan
8,125,Banswara,1797485,80091,1372999,367797,Rajasthan
8,126,Chittaurgarh,1544338,250224,201546,329119,Rajasthan
8,127,Kota,1951014,405408,183816,396501,Rajasthan
8,128,Baran,1222755,221184,276857,241428,Rajasthan
8,129,Jhalawar,1411129,243582,182229,283295,Rajasthan
8,130,Udaipur,3068420,188525,1525289,623531,Rajasthan
8,131,Pratapgarh,867848,60429,550427,178726,Rajasthan
9,132,Saharanpur,3466382,764450,980,597656,Uttar Pradesh
9,133,Muzaffarnagar,4143512,561250,317,676642,Uttar Pradesh
9,134,Bijnor,3682713,787444,3058,633197,Uttar Pradesh
9,135,Moradabad,4772006,731406,685,796170,Uttar Pradesh
9,136,Rampur,2335819,307936,358,393736,Uttar Pradesh
9,137,Jyotiba Phule Nagar,1840221,318001,164,314401,Uttar Pradesh
9,138,Meerut,3443689,624149,3390,579110,Uttar Pradesh
9,139,Baghpat,1303048,149060,14,209916,Uttar Pradesh
9,140,Ghaziabad,4681645,773463,3968,850676,Uttar Pradesh
9,141,Gautam Buddha Nagar,1648115,216105,2215,327090,Uttar Pradesh
9,142,Bulandshahr,3499171,725600,198,587529,Uttar Pradesh
9,143,Aligarh,3673889,755254,629,611371,Uttar Pradesh
9,144,Mahamaya Nagar,1564708,387554,268,260860,Uttar Pradesh
9,145,Mathura,2547184,506580,1520,423125,Uttar Pradesh
9,146,Agra,4418797,991325,7255,710566,Uttar Pradesh
9,147,Firozabad,2498156,473890,2565,414266,Uttar Pradesh
9,148,Mainpuri,1868529,368206,478,313690,Uttar Pradesh
9,149,Budaun,3681896,622526,58,615776,Uttar Pradesh
9,150,Bareilly,4448359,557150,3227,756784,Uttar Pradesh
9,151,Pilibhit,2031007,333558,1714,362573,Uttar Pradesh
9,152,Shahjahanpur,3006538,532673,508,527501,Uttar Pradesh
9,153,Kheri,4021243,1061782,53375,745077,Uttar Pradesh
9,154,Sitapur,4483992,1446427,1602,801764,Uttar Pradesh
9,155,Hardoi,4092845,1274505,349,730442,Uttar Pradesh
9,156,Unnao,3108367,948588,2926,588533,Uttar Pradesh
9,157,Lucknow,4589838,948294,7506,860703,Uttar Pradesh
9,158,Rae Bareli,3405559,1030367,1756,619707,Uttar Pradesh
9,159,Farrukhabad,1885204,312712,230,314144,Uttar Pradesh
9,160,Kannauj,1656616,309980,15,280928,Uttar Pradesh
9,161,Etawah,1581810,388283,169,277527,Uttar Pradesh
9,162,Auraiya,1379545,391622,150,248197,Uttar Pradesh
9,163,Kanpur Dehat,1796184,460544,801,329817,Uttar Pradesh
9,164,Kanpur Nagar,4581268,816754,3753,863338,Uttar Pradesh
9,165,Jalaun,1689974,468178,832,288338,Uttar Pradesh
9,166,Jhansi,1998603,562505,3873,367779,Uttar Pradesh
9,167,Lalitpur,1221592,240519,71610,222094,Uttar Pradesh
9,168,Hamirpur,1104285,241198,474,204863,Uttar Pradesh
9,169,Mahoba,875958,220898,647,158435,Uttar Pradesh
9,170,Banda,1799410,387855,163,319963,Uttar Pradesh
9,171,Chitrakoot,991730,266655,366,168232,Uttar Pradesh
9,172,Fatehpur,2632733,651480,340,472238,Uttar Pradesh
9,173,Pratapgarh,3209141,709252,723,533546,Uttar Pradesh
9,174,Kaushambi,1599596,555397,193,277851,Uttar Pradesh
9,175,Allahabad,5954391,1309851,7955,976733,Uttar Pradesh
9,176,Bara Banki,3260699,864559,610,579058,Uttar Pradesh
9,177,Faizabad,2470996,555047,931,423375,Uttar Pradesh
9,178,Ambedkar Nagar,2397888,591125,746,368728,Uttar Pradesh
9,179,Sultanpur,3797117,851587,696,623523,Uttar Pradesh
9,180,Bahraich,3487731,509307,11159,603754,Uttar Pradesh
9,181,Shrawasti,1117361,189334,5534,188289,Uttar Pradesh
9,182,Balrampur,2148665,277212,24887,323881,Uttar Pradesh
9,183,Gonda,3433919,531973,870,541247,Uttar Pradesh
9,184,Siddharthnagar,2559297,408763,12021,379351,Uttar Pradesh
9,185,Basti,2464464,513959,3620,382212,Uttar Pradesh
9,186,Sant Kabir Nagar,1715183,369039,1593,256645,Uttar Pradesh
9,187,Mahrajganj,2684703,492976,16435,426565,Uttar Pradesh
9,188,Gorakhpur,4440895,936061,18172,692960,Uttar Pradesh
9,189,Kushinagar,3564544,544231,80269,561062,Uttar Pradesh
9,190,Deoria,3100946,468663,109894,468346,Uttar Pradesh
9,191,Azamgarh,4613913,1171378,9327,665232,Uttar Pradesh
9,192,Mau,2205968,474537,22915,324424,Uttar Pradesh
9,193,Ballia,3239774,494698,110114,480268,Uttar Pradesh
9,194,Jaunpur,4494204,990345,4736,663513,Uttar Pradesh
9,195,Ghazipur,3620268,726641,28712,546664,Uttar Pradesh
9,196,Chandauli,1952756,446786,41725,296804,Uttar Pradesh
9,197,Varanasi,3676841,486958,28617,560162,Uttar Pradesh
9,198,Sant Ravidas Nagar (Bhadohi),1578213,353103,1873,222403,Uttar Pradesh
9,199,Mirzapur,2496970,661129,20132,394925,Uttar Pradesh
9,200,Sonbhadra,1862559,421661,385018,333174,Uttar Pradesh
9,201,Etah,1774480,281011,140,290683,Uttar Pradesh
9,202,Kanshiram Nagar,1436719,254299,150,237903,Uttar Pradesh
10,203,Pashchim Champaran,3935042,553944,250046,710461,Bihar
10,204,Purba Champaran,5099371,649726,12461,981516,Bihar
10,205,Sheohar,656246,96655,318,150144,Bihar
10,206,Sitamarhi,3423574,405714,2989,736322,Bihar
10,207,Madhubani,4487379,587158,3990,898515,Bihar
10,208,Supaul,2229076,354249,10168,443073,Bihar
10,209,Araria,2811569,382654,38848,568142,Bihar
10,210,Kishanganj,1690400,113118,64224,338445,Bihar
10,211,Purnia,3264619,390991,139490,647777,Bihar
10,212,Katihar,3071029,263100,179971,619076,Bihar
10,213,Madhepura,2001762,346275,12532,401289,Bihar
10,214,Saharsa,1900661,317249,6009,368979,Bihar
10,215,Darbhanga,3937385,615688,2772,803012,Bihar
10,216,Muzaffarpur,4801062,751975,5979,945703,Bihar
10,217,Gopalganj,2562012,320064,60807,413044,Bihar
10,218,Siwan,3330464,386685,87000,535661,Bihar
10,219,Saran,3951862,474066,36786,631097,Bihar
10,220,Vaishali,3495021,738031,2274,626087,Bihar
10,221,Samastipur,4261566,803128,1884,835493,Bihar
10,222,Begusarai,2970541,432270,1597,589667,Bihar
10,223,Khagaria,1666886,247161,675,328823,Bihar
10,224,Bhagalpur,3037766,318569,67180,564711,Bihar
10,225,Banka,2034763,247858,90432,381601,Bihar
10,226,Munger,1367765,183846,21404,263171,Bihar
10,227,Lakhisarai,1000912,153209,8333,163355,Bihar
10,228,Sheikhpura,636342,131115,617,100701,Bihar
10,229,Nalanda,2877653,607672,1442,477529,Bihar
10,230,Patna,5838465,920918,9069,975578,Bihar
10,231,Bhojpur,2728407,425402,13977,416090,Bihar
10,232,Buxar,1706352,251737,26824,261660,Bihar
10,233,Kaimur (Bhabua),1626384,369088,57981,250884,Bihar
10,234,Rohtas,2959918,549546,31650,460345,Bihar
10,235,Aurangabad,2540073,612064,1033,391898,Bihar
10,236,Gaya,4391418,1334351,3098,688425,Bihar
10,237,Nawada,2219146,565112,2045,338247,Bihar
10,238,Jamui,1760405,302649,78793,307082,Bihar
10,239,Jehanabad,1125313,222974,1285,181740,Bihar
10,240,Arwal,700843,141314,590,118222,Bihar
11,241,North  District,43709,982,28715,8873,Sikkim
11,242,West District,136435,5935,57817,28023,Sikkim
11,243,South District,146850,6053,41392,30543,Sikkim
11,244,East District,283583,15305,78436,61567,Sikkim
12,245,Tawang,49977,0,34811,10062,Arunachal Pradesh
12,246,West Kameng,83947,0,46380,18159,Arunachal Pradesh
12,247,East Kameng,78690,0,72400,14508,Arunachal Pradesh
12,248,Papum Pare,176573,0,117216,35730,Arunachal Pradesh
12,249,Upper Subansiri,83448,0,78323,15869,Arunachal Pradesh
12,250,West Siang,112274,0,92783,21231,Arunachal Pradesh
12,251,East Siang,99214,0,69979,19107,Arunachal Pradesh
12,252,Upper Siang,35320,0,28468,7324,Arunachal Pradesh
12,253,Changlang,148226,0,53878,29521,Arunachal Pradesh
12,254,Tirap,111975,0,98372,20611,Arunachal Pradesh
12,255,Lower Subansiri,83030,0,72911,15249,Arunachal Pradesh
12,256,Kurung Kumey,92076,0,90764,15037,Arunachal Pradesh
12,257,Dibang Valley,8004,0,5701,1952,Arunachal Pradesh
12,258,Lower Dibang Valley,54080,0,25974,11600,Arunachal Pradesh
12,259,Lohit,145726,0,47410,30005,Arunachal Pradesh
12,260,Anjaw,21167,0,16451,4612,Arunachal Pradesh
13,261,Mon,250260,0,238285,41978,Nagaland
13,262,Mokokchung,194622,0,178431,42690,Nagaland
13,263,Zunheboto,140757,0,136561,27835,Nagaland
13,264,Wokha,166343,0,156621,31891,Nagaland
13,265,Dimapur,378811,0,223989,78605,Nagaland
13,266,Phek,163418,0,157146,36639,Nagaland
13,267,Tuensang,196596,0,190916,36742,Nagaland
13,268,Longleng,50484,0,48615,11985,Nagaland
13,269,Kiphire,74004,0,71429,14771,Nagaland
13,270,Kohima,267988,0,224738,54391,Nagaland
13,271,Peren,95219,0,84242,18475,Nagaland
14,272,Senapati,479148,1000,419210,83411,Manipur
14,273,Tamenglong,140651,22,134626,25039,Manipur
14,274,Churachandpur,274143,443,254787,49089,Manipur
14,275,Bishnupur,237399,22113,3287,46580,Manipur
14,276,Thoubal,422168,40593,1808,85965,Manipur
14,277,Imphal West,517992,16530,24161,111156,Manipur
14,278,Imphal East,456113,15839,27657,92124,Manipur
14,279,Ukhrul,183998,248,173606,35694,Manipur
14,280,Chandel,144182,540,128280,28801,Manipur
15,281,Mamit,86364,51,82080,17731,Mizoram
15,282,Kolasib,83955,84,73609,17270,Mizoram
15,283,Aizawl,400309,627,373542,82524,Mizoram
15,284,Champhai,125745,17,123466,25520,Mizoram
15,285,Serchhip,64937,32,62889,12622,Mizoram
15,286,Lunglei,161428,178,153533,33058,Mizoram
15,287,Lawngtlai,117894,146,112354,22984,Mizoram
15,288,Saiha,56574,83,54642,11144,Mizoram
16,289,West Tripura,1725739,338094,431944,410565,Tripura
16,290,South Tripura,876001,140168,344835,208127,Tripura
16,291,Dhalai,378230,61688,210608,84509,Tripura
16,292,North Tripura,693947,114968,179426,152355,Tripura
17,293,West Garo Hills,643291,8810,474009,123352,Meghalaya
17,294,East Garo Hills,317917,509,305180,58328,Meghalaya
17,295,South Garo Hills,142334,319,134237,24527,Meghalaya
17,296,West Khasi Hills,383461,168,375097,64906,Meghalaya
17,297,Ribhoi,258840,590,230081,46872,Meghalaya
17,298,East Khasi Hills,825922,5642,661158,164046,Meghalaya
17,299,Jaintia Hills,395124,1317,376099,66028,Meghalaya
18,300,Kokrajhar,887142,29570,278665,181081,Assam
18,301,Dhubri,1949258,70395,6332,414674,Assam
18,302,Goalpara,1008183,45094,231570,198454,Assam
18,303,Barpeta,1693622,95320,27344,337929,Assam
18,304,Morigaon,957423,117841,136777,184602,Assam
18,305,Nagaon,2823768,266350,115153,559340,Assam
18,306,Sonitpur,1924110,109130,232207,392919,Assam
18,307,Lakhimpur,1042137,81840,249426,204307,Assam
18,308,Dhemaji,686133,44225,325560,129869,Assam
18,309,Tinsukia,1327929,37688,82066,268598,Assam
18,310,Dibrugarh,1326335,58876,102871,276867,Assam
18,311,Sivasagar,1151050,42347,49039,248367,Assam
18,312,Jorhat,1092256,88665,139971,236262,Assam
18,313,Golaghat,1066888,62298,111765,227197,Assam
18,314,Karbi Anglong,956313,44961,538738,177646,Assam
18,315,Dima Hasao,214102,4337,151843,42252,Assam
18,316,Cachar,1736617,264897,17569,379955,Assam
18,317,Karimganj,1228686,157890,1940,247714,Assam
18,318,Hailakandi,659296,70659,691,143350,Assam
18,319,Bongaigaon,738804,82784,18835,150018,Assam
18,320,Chirang,482162,35135,178688,97395,Assam
18,321,Kamrup,1517542,107827,182038,311114,Assam
18,322,Kamrup Metropolitan,1253938,101789,75121,293112,Assam
18,323,Nalbari,771639,60216,23364,155248,Assam
18,324,Baksa,950075,73083,331007,191701,Assam
18,325,Darrang,928500,40260,8419,187783,Assam
18,326,Udalguri,831668,37844,267372,168717,Assam
19,327,Darjiling,1846823,317275,397389,391234,West Bengal
19,328,Jalpaiguri,3872846,1458278,731704,868326,West Bengal
19,329,Koch Bihar,2819086,1414336,18125,665720,West Bengal
19,330,Uttar Dinajpur,3007134,807950,162816,605674,West Bengal
19,331,Dakshin Dinajpur,1676276,482754,275366,396406,West Bengal
19,332,Maldah,3988845,835430,313984,846991,West Bengal
19,333,Murshidabad,7103807,897534,91035,1570759,West Bengal
19,334,Birbhum,3502404,1033140,242484,817899,West Bengal
19,335,Barddhaman,7717563,2115719,489447,1730927,West Bengal
19,336,Nadia,5167600,1546917,140700,1232282,West Bengal
19,337,North Twenty Four Parganas,10009781,2169084,264597,2348683,West Bengal
19,338,Hugli,5519145,1344021,229243,1287423,West Bengal
19,339,Bankura,3596674,1174447,368690,766902,West Bengal
19,340,Puruliya,2930115,567767,540652,567824,West Bengal
19,341,Haora,4850029,718951,15094,1061336,West Bengal
19,342,Kolkata,4496694,241932,10684,1024928,West Bengal
19,343,South Twenty Four Parganas,8161961,2464032,96976,1781221,West Bengal
19,344,Paschim Medinipur,5913457,1128269,880015,1301610,West Bengal
19,345,Purba Medinipur,5095875,745434,27952,1114170,West Bengal
20,346,Garhwa,1322784,319946,205874,254697,Jharkhand
20,347,Chatra,1042886,340553,45563,182271,Jharkhand
20,348,Kodarma,716259,109003,6903,116155,Jharkhand
20,349,Giridih,2445474,325493,238188,396521,Jharkhand
20,350,Deoghar,1492073,190036,180962,264347,Jharkhand
20,351,Godda,1313551,115567,279208,253648,Jharkhand
20,352,Sahibganj,1150567,72341,308343,227023,Jharkhand
20,353,Pakur,900422,28469,379054,182317,Jharkhand
20,354,Dhanbad,2684487,437309,233119,507064,Jharkhand
20,355,Bokaro,2062330,299227,255626,394918,Jharkhand
20,356,Lohardaga,461790,15330,262734,88638,Jharkhand
20,357,Purbi Singhbhum,2293919,111414,653923,476931,Jharkhand
20,358,Palamu,1939869,536382,181208,358754,Jharkhand
20,359,Latehar,726978,154910,331096,133381,Jharkhand
20,360,Hazaribagh,1734495,303515,121768,304749,Jharkhand
20,361,Ramgarh,949443,106356,201166,179375,Jharkhand
20,362,Dumka,1321442,79614,571077,275019,Jharkhand
20,363,Jamtara,791042,72885,240489,155275,Jharkhand
20,364,Ranchi,2914253,152943,1042016,569444,Jharkhand
20,365,Khunti,531885,24037,389626,103700,Jharkhand
20,366,Gumla,1025213,32459,706754,188988,Jharkhand
20,367,Simdega,599578,44674,424407,118288,Jharkhand
20,368,Pashchimi Singhbhum,1502338,56986,1011296,302046,Jharkhand
20,369,Saraikela-Kharsawan,1065056,56195,374642,221232,Jharkhand
21,370,Bargarh,1481255,298780,281135,370308,Odisha
21,371,Jharsuguda,579505,104620,176758,136061,Odisha
21,372,Sambalpur,1041099,191827,355261,249597,Odisha
21,373,Debagarh,312520,52112,110400,75452,Odisha
21,374,Sundargarh,2093437,191660,1062349,479109,Odisha
21,375,Kendujhar,1801733,209357,818878,405272,Odisha
21,376,Mayurbhanj,2519738,184682,1479576,586253,Odisha
21,377,Baleshwar,2320529,478586,275678,533001,Odisha
21,378,Bhadrak,1506337,334896,30428,306333,Odisha
21,379,Kendrapara,1440361,309780,9484,321934,Odisha
21,380,Jagatsinghapur,1136971,248152,7862,261307,Odisha
21,381,Cuttack,2624470,498633,93745,579170,Odisha
21,382,Jajapur,1827192,433387,151432,407851,Odisha
21,383,Dhenkanal,1192811,234079,162056,279364,Odisha
21,384,Anugul,1273821,239552,179603,297050,Odisha
21,385,Nayagarh,962789,136399,58691,228315,Odisha
21,386,Khordha,2251673,297472,115051,494212,Odisha
21,387,Puri,1698730,325133,6129,367269,Odisha
21,388,Ganjam,3529031,688235,118928,758267,Odisha
21,389,Gajapati,577817,39175,313714,128523,Odisha
21,390,Kandhamal,733110,115544,392820,172022,Odisha
21,391,Baudh,441162,104934,55364,106961,Odisha
21,392,Subarnapur,610183,156219,57192,151136,Odisha
21,393,Balangir,1648997,294777,347164,414749,Odisha
21,394,Nuapada,610382,82159,206327,152210,Odisha
21,395,Kalahandi,1576869,286580,449456,401251,Odisha
21,396,Rayagada,967911,139514,541905,226144,Odisha
21,397,Nabarangapur,1220946,177384,681173,273423,Odisha
21,398,Koraput,1379647,196540,697583,337677,Odisha
21,399,Malkangiri,613192,138295,354614,137599,Odisha
22,400,Koriya,658917,54776,304280,153274,Chhattisgarh
22,401,Surguja,2359886,115652,1300628,526049,Chhattisgarh
22,402,Jashpur,851669,48844,530378,192570,Chhattisgarh
22,403,Raigarh,1493984,224942,505609,367962,Chhattisgarh
22,404,Korba,1206640,124679,493559,280073,Chhattisgarh
22,405,Janjgir - Champa,1619707,397908,187196,364532,Chhattisgarh
22,406,Bilaspur,2663629,552992,498469,600822,Chhattisgarh
22,407,Kabeerdham,822526,119798,167043,178446,Chhattisgarh
22,408,Rajnandgaon,1537133,156623,405194,318488,Chhattisgarh
22,409,Durg,3343872,458040,397416,701707,Chhattisgarh
22,410,Raipur,4063872,724250,476446,871225,Chhattisgarh
22,411,Mahasamund,1032754,139581,279896,248561,Chhattisgarh
22,412,Dhamtari,799781,58581,207633,170951,Chhattisgarh
22,413,Uttar Bastar Kanker,748941,31543,414770,160937,Chhattisgarh
22,414,Bastar,1413199,37963,931780,311538,Chhattisgarh
22,415,Narayanpur,139820,4979,108161,27982,Chhattisgarh
22,416,Dakshin Bastar Dantewada,533638,12996,410255,120850,Chhattisgarh
22,417,Bijapur,255230,10122,204189,54757,Chhattisgarh
23,418,Sheopur,687861,108391,161448,146043,Madhya Pradesh
23,419,Morena,1965970,421519,17030,362646,Madhya Pradesh
23,420,Bhind,1703005,374799,6131,299233,Madhya Pradesh
23,421,Gwalior,2032036,393068,72133,383845,Madhya Pradesh
23,422,Datia,786754,200270,15061,160215,Madhya Pradesh
23,423,Shivpuri,1726050,321515,227802,359969,Madhya Pradesh
23,424,Tikamgarh,1445166,361604,67857,296116,Madhya Pradesh
23,425,Chhatarpur,1762375,405313,73597,356297,Madhya Pradesh
23,426,Panna,1016520,207990,170879,228709,Madhya Pradesh
23,427,Sagar,2378458,501630,221936,517850,Madhya Pradesh
23,428,Damoh,1264219,246337,166295,297608,Madhya Pradesh
23,429,Satna,2228935,398569,319975,478741,Madhya Pradesh
23,430,Rewa,2365106,383508,311985,526065,Madhya Pradesh
23,431,Umaria,644758,58147,300687,145024,Madhya Pradesh
23,432,Neemuch,826067,111162,71441,179746,Madhya Pradesh
23,433,Mandsaur,1340411,249024,33092,286808,Madhya Pradesh
23,434,Ratlam,1455069,198612,409865,296683,Madhya Pradesh
23,435,Ujjain,1986864,523869,48730,391438,Madhya Pradesh
23,436,Shajapur,1512681,353914,37836,300025,Madhya Pradesh
23,437,Dewas,1563715,292007,272701,308871,Madhya Pradesh
23,438,Dhar,2185793,145436,1222814,425914,Madhya Pradesh
23,439,Indore,3276697,545239,217679,649540,Madhya Pradesh
23,440,Khargone (West Nimar),1873046,209091,730169,367988,Madhya Pradesh
23,441,Barwani,1385881,87991,962145,243277,Madhya Pradesh
23,442,Rajgarh,1545814,295718,53751,345297,Madhya Pradesh
23,443,Vidisha,1458875,292144,67603,299676,Madhya Pradesh
23,444,Bhopal,2371061,357516,69429,501805,Madhya Pradesh
23,445,Sehore,1311332,271281,145512,257311,Madhya Pradesh
23,446,Raisen,1331597,225891,205006,278895,Madhya Pradesh
23,447,Betul,1575362,159296,667018,329832,Madhya Pradesh
23,448,Harda,570465,92865,159678,113379,Madhya Pradesh
23,449,Hoshangabad,1241350,205007,197300,257199,Madhya Pradesh
23,450,Katni,1292042,155717,317699,289551,Madhya Pradesh
23,451,Jabalpur,2463289,348029,375231,539060,Madhya Pradesh
23,452,Narsimhapur,1091854,184155,145879,250286,Madhya Pradesh
23,453,Dindori,704524,39782,455789,169630,Madhya Pradesh
23,454,Mandla,1054905,48425,610528,250146,Madhya Pradesh
23,455,Chhindwara,2090922,232244,769778,443361,Madhya Pradesh
23,456,Seoni,1379131,130797,519856,314767,Madhya Pradesh
23,457,Balaghat,1701698,125426,383026,391836,Madhya Pradesh
23,458,Guna,1241519,193115,190819,244401,Madhya Pradesh
23,459,Ashoknagar,845071,175764,82072,172680,Madhya Pradesh
23,460,Shahdol,1066063,89733,476008,251452,Madhya Pradesh
23,461,Anuppur,749237,74385,358543,170715,Madhya Pradesh
23,462,Sidhi,1127033,130202,313304,238448,Madhya Pradesh
23,463,Singrauli,1178273,150664,383994,243925,Madhya Pradesh
23,464,Jhabua,1025048,17427,891818,194157,Madhya Pradesh
23,465,Alirajpur,728999,26877,648638,123800,Madhya Pradesh
23,466,Khandwa (East Nimar),1310061,156601,459122,266655,Madhya Pradesh
23,467,Burhanpur,757847,64254,230095,146341,Madhya Pradesh
24,468,Kachchh,2092371,258859,24228,445672,Gujarat
24,469,Banas Kantha,3120506,327460,284155,560411,Gujarat
24,470,Patan,1343734,123408,13303,267633,Gujarat
24,471,Mahesana,2035064,162288,9392,424479,Gujarat
24,472,Sabar Kantha,2428589,187685,542156,481414,Gujarat
24,473,Gandhinagar,1391753,108608,18204,289990,Gujarat
24,474,Ahmadabad,7214225,759483,89138,1510134,Gujarat
24,475,Surendranagar,1756268,179461,21453,343213,Gujarat
24,476,Rajkot,3804558,290169,24017,786586,Gujarat
24,477,Jamnagar,2160119,173895,24187,430941,Gujarat
24,478,Porbandar,585449,51830,13039,124556,Gujarat
24,479,Junagadh,2743082,265793,55571,527326,Gujarat
24,480,Amreli,1514190,132915,7322,294837,Gujarat
24,481,Bhavnagar,2880365,157034,9110,538605,Gujarat
24,482,Anand,2092745,104465,24824,427605,Gujarat
24,483,Kheda,2299885,115631,40336,466856,Gujarat
24,484,Panch Mahals,2390776,100446,721604,446611,Gujarat
24,485,Dohad,2127086,41444,1580850,334272,Gujarat
24,486,Vadodara,4165626,221629,1149901,877106,Gujarat
24,487,Narmada,590297,8733,481392,122174,Gujarat
24,488,Bharuch,1551019,62235,488194,333483,Gujarat
24,489,The Dangs,228291,992,216073,44699,Gujarat
24,490,Navsari,1329672,35464,639659,295131,Gujarat
24,491,Valsad,1705678,38237,902794,364403,Gujarat
24,492,Surat,6081322,158115,856952,1333200,Gujarat
24,493,Tapi,807022,8168,679320,177091,Gujarat
25,494,Diu,52074,1862,123,10580,Daman & Diu
25,495,Daman,191173,4262,15240,50376,Daman & Diu
26,496,Dadra & Nagar Haveli,343709,6186,178564,76458,Dadra & Nagar Haveli
27,497,Nandurbar,1648295,47985,1141933,323521,Maharashtra
27,498,Dhule,2050862,127571,647315,408874,Maharashtra
27,499,Jalgaon,4229917,389273,604367,903643,Maharashtra
27,500,Buldana,2586258,470895,124837,561504,Maharashtra
27,501,Akola,1813906,364059,100280,395690,Maharashtra
27,502,Washim,1197160,229462,80471,259464,Maharashtra
27,503,Amravati,2888445,506374,404128,647451,Maharashtra
27,504,Wardha,1300774,188830,149507,309846,Maharashtra
27,505,Nagpur,4653570,867713,437571,1041544,Maharashtra
27,506,Bhandara,1200334,200372,88886,278076,Maharashtra
27,507,Gondiya,1322507,175961,214253,292369,Maharashtra
27,508,Gadchiroli,1072942,120745,415306,250435,Maharashtra
27,509,Chandrapur,2204307,348365,389441,536686,Maharashtra
27,510,Yavatmal,2772348,328518,514057,646886,Maharashtra
27,511,Nanded,3361292,640483,281695,665434,Maharashtra
27,512,Hingoli,1177345,182565,111954,228868,Maharashtra
27,513,Parbhani,1836086,247308,40514,361130,Maharashtra
27,514,Jalna,1959046,272266,42263,391701,Maharashtra
27,515,Aurangabad,3701282,539368,143366,751915,Maharashtra
27,516,Nashik,6107187,554687,1564369,1222887,Maharashtra
27,517,Thane,11060148,730089,1542451,2529165,Maharashtra
27,518,Mumbai Suburban,9356962,583302,104560,2105604,Maharashtra
27,519,Mumbai,3085411,219934,25093,674339,Maharashtra
27,520,Raigarh,2634200,134952,305125,611790,Maharashtra
27,521,Pune,9429408,1180703,348876,2151503,Maharashtra
27,522,Ahmadnagar,4543159,573698,378230,930024,Maharashtra
27,523,Bid,2585049,351254,32722,535835,Maharashtra
27,524,Latur,2454196,480913,57488,481572,Maharashtra
27,525,Osmanabad,1657576,265184,36039,351281,Maharashtra
27,526,Solapur,4317756,649745,77592,873167,Maharashtra
27,527,Satara,3003741,323236,29635,653735,Maharashtra
27,528,Ratnagiri,1615069,66948,20374,397115,Maharashtra
27,529,Sindhudurg,849651,55586,6976,209839,Maharashtra
27,530,Kolhapur,3876001,504461,30206,840240,Maharashtra
27,531,Sangli,2822143,353093,18333,598386,Maharashtra
28,532,Adilabad,2741239,488596,495794,649849,Telangana
28,533,Nizamabad,2551335,371074,192941,593234,Telangana
28,534,Karimnagar,3776269,709757,106745,976022,Telangana
28,535,Medak,3033288,537947,168985,668626,Telangana
28,536,Hyderabad,3943323,247927,48937,849051,Telangana
28,537,Rangareddy,5296741,652042,218757,1235341,Telangana
28,538,Mahbubnagar,4053028,708954,364269,869451,Telangana
28,539,Nalgonda,3488809,637385,394279,875939,Telangana
28,540,Warangal,3512576,616102,530656,886279,Telangana
28,541,Khammam,2797370,462896,765565,754034,Telangana
28,542,Srikakulam,2703114,255664,166118,681330,Andhra Pradesh
28,543,Vizianagaram,2344474,247728,235556,587149,Andhra Pradesh
28,544,Visakhapatnam,4290589,329486,618500,1097042,Andhra Pradesh
28,545,East Godavari,5154296,945269,213195,1428528,Andhra Pradesh
28,546,West Godavari,3936966,811698,109072,1091525,Andhra Pradesh
28,547,Krishna,4517398,871063,132464,1243293,Andhra Pradesh
28,548,Guntur,4887813,957407,247089,1296609,Andhra Pradesh
28,549,Prakasam,3397448,787861,151145,860463,Andhra Pradesh
28,550,Sri Potti Sriramulu Nellore,2963557,666588,285997,776854,Andhra Pradesh
28,551,Y.S.R.,2882469,465794,75886,706204,Andhra Pradesh
28,552,Kurnool,4053463,737945,82831,887652,Andhra Pradesh
28,553,Anantapur,4081148,583135,154127,968160,Andhra Pradesh
28,554,Chittoor,4174064,785760,159165,1039953,Andhra Pradesh
29,555,Belgaum,4779661,577418,297198,983854,Karnataka
29,556,Bagalkot,1889752,319149,97203,361149,Karnataka
29,557,Bijapur,2177331,442773,39314,408806,Karnataka
29,558,Bidar,1703300,399785,235822,319937,Karnataka
29,559,Raichur,1928812,400933,367071,363853,Karnataka
29,560,Koppal,1389920,258608,164271,264595,Karnataka
29,561,Gadag,1064570,174196,61654,219096,Karnataka
29,562,Dharwad,1847023,177855,87548,382700,Karnataka
29,563,Uttara Kannada,1437169,116431,34239,324530,Karnataka
29,564,Haveri,1597668,219976,141380,330414,Karnataka
29,565,Bellary,2452595,517409,451406,489118,Karnataka
29,566,Chitradurga,1659456,389117,302554,357003,Karnataka
29,567,Davanagere,1945497,392595,233112,410176,Karnataka
29,568,Shimoga,1752753,308158,65412,406816,Karnataka
29,569,Udupi,1177361,75429,52897,253078,Karnataka
29,570,Chikmagalur,1137961,253651,44970,276085,Karnataka
29,571,Tumkur,2678980,506901,209559,640081,Karnataka
29,572,Bangalore,9621551,1198385,190239,2393845,Karnataka
29,573,Mandya,1805769,265294,22402,428625,Karnataka
29,574,Hassan,1776421,345031,32329,433453,Karnataka
29,575,Dakshina Kannada,2089649,148178,82268,439733,Karnataka
29,576,Kodagu,554519,73584,58054,142716,Karnataka
29,577,Mysore,3001127,536643,334547,700968,Karnataka
29,578,Chamarajanagar,1020791,259445,120219,244874,Karnataka
29,579,Gulbarga,2566326,648782,65259,471601,Karnataka
29,580,Yadgir,1174271,273315,146849,202063,Karnataka
29,581,Kolar,1536401,465867,78875,333348,Karnataka
29,582,Chikkaballapura,1255104,312565,156487,284698,Karnataka
29,583,Bangalore Rural,990923,213700,52903,229279,Karnataka
29,584,Ramanagara,1082636,203819,22946,260533,Karnataka
30,585,North Goa,818008,17606,56606,191766,Goa
30,586,South Goa,640537,7843,92669,151845,Goa
31,587,Lakshadweep,64473,0,61120,11574,Lakshadweep
32,588,Kasaragod,1307375,53283,48857,273410,Kerala
32,589,Kannur,2523003,83350,41371,554298,Kerala
32,590,Wayanad,817420,32578,151443,190894,Kerala
32,591,Kozhikode,3086293,199191,15228,697710,Kerala
32,592,Malappuram,4112920,308266,22990,793999,Kerala
32,593,Palakkad,2809934,403833,48972,637220,Kerala
32,594,Thrissur,3121200,324350,9430,759210,Kerala
32,595,Ernakulam,3282388,268411,16559,814011,Kerala
32,596,Idukki,1108974,145486,55815,279812,Kerala
32,597,Kottayam,1974551,153909,21972,487296,Kerala
32,598,Alappuzha,2127789,201211,6574,535958,Kerala
32,599,Pathanamthitta,1197412,164465,8108,322684,Kerala
32,600,Kollam,2635375,328263,10761,669375,Kerala
32,601,Thiruvananthapuram,3301427,372977,26759,837877,Kerala
33,602,Thiruvallur,3728104,821646,47243,946949,Tamil Nadu
33,603,Chennai,4646732,779667,10061,1154982,Tamil Nadu
33,604,Kancheepuram,3998252,948081,41210,1006245,Tamil Nadu
33,605,Vellore,3936331,860212,72955,929281,Tamil Nadu
33,606,Tiruvannamalai,2464875,565329,90954,588836,Tamil Nadu
33,607,Viluppuram,3458873,1015716,74859,800368,Tamil Nadu
33,608,Salem,3482056,580512,119369,915967,Tamil Nadu
33,609,Namakkal,1726601,345392,57059,475511,Tamil Nadu
33,610,Erode,2251744,369483,21880,658071,Tamil Nadu
33,611,The Nilgiris,735394,235878,32813,197653,Tamil Nadu
33,612,Dindigul,2159775,452376,8064,560773,Tamil Nadu
33,613,Karur,1064493,221385,575,287095,Tamil Nadu
33,614,Tiruchirappalli,2722290,466561,18198,698404,Tamil Nadu
33,615,Perambalur,565223,175289,2584,149243,Tamil Nadu
33,616,Ariyalur,754894,176230,10722,197090,Tamil Nadu
33,617,Cuddalore,2605914,763944,15702,635578,Tamil Nadu
33,618,Nagapattinam,1616450,509767,3756,413837,Tamil Nadu
33,619,Thiruvarur,1264277,430927,3034,327219,Tamil Nadu
33,620,Thanjavur,2405890,455062,3561,605363,Tamil Nadu
33,621,Pudukkottai,1618345,284804,1283,387679,Tamil Nadu
33,622,Sivaganga,1339101,227746,790,338938,Tamil Nadu
33,623,Madurai,3038252,408976,11096,794887,Tamil Nadu
33,624,Theni,1245899,258200,1835,338112,Tamil Nadu
33,625,Virudhunagar,1942288,399831,2294,537748,Tamil Nadu
33,626,Ramanathapuram,1353445,249008,1105,323905,Tamil Nadu
33,627,Thoothukkudi,1750176,347895,4911,462010,Tamil Nadu
33,628,Tirunelveli,3077233,569714,10270,815528,Tamil Nadu
33,629,Kanniyakumari,1870374,74249,7282,483539,Tamil Nadu
33,630,Dharmapuri,1506843,245392,63044,375873,Tamil Nadu
33,631,Krishnagiri,1879809,267386,22388,448053,Tamil Nadu
33,632,Coimbatore,3458045,535911,28342,958035,Tamil Nadu
33,633,Tiruppur,2479052,395876,5458,712210,Tamil Nadu
34,634,Yanam,55626,8427,0,13812,Puducherry
34,635,Puducherry,950289,152406,0,231513,Puducherry
34,636,Mahe,41816,144,0,7420,Puducherry
34,637,Karaikal,200222,35348,0,49705,Puducherry
35,638,Nicobars,36842,0,23681,9288,Andaman & Nicobar Islands
35,639,North  & Middle Andaman,105597,0,758,26199,Andaman & Nicobar Islands
35,640,South Andaman,238142,0,4091,59064,Andaman & Nicobar Islands
