episode,core_day,date,url,relevant,coder,filter_version
sc_st_bharat_bandh_2018,True,2018-04-02,https://www.outlookindia.com/website/story/bharat-bandh-jignesh-mevani-is-110-per-cent-against-violence/310397,1.0,"AI assistant, from the article URL text; needs verification by a human coder",1
sc_st_bharat_bandh_2018,True,2018-04-02,https://www.hindustantimes.com/india-news/bharat-bandh-over-apex-court-order-on-scs-sts-act-4-killed-in-mp-during-protests/story-2j0kTGaszwjX5WR4bjKNbP.html,1.0,"AI assistant, from the article URL text; needs verification by a human coder",1
sc_st_bharat_bandh_2018,True,2018-04-02,http://www.firstpost.com/india/bharat-bandh-2018-live-news-updates-sc-st-act-one-dead-in-madhya-pradeshs-morena-dalit-stir-turns-violent-in-bathinda-meerut-4414537.html,1.0,"AI assistant, from the article URL text; needs verification by a human coder",1
sc_st_bharat_bandh_2018,True,2018-04-02,http://www.tribuneindia.com/news/nation/violent-protests-in-many-states-during-bandh-by-dalit-outfits/567614.html,1.0,"AI assistant, from the article URL text; needs verification by a human coder",1
sc_st_bharat_bandh_2018,True,2018-04-02,http://www.business-standard.com/article/current-affairs/bharat-bandh-dalit-protest-over-sc-st-act-turns-violent-nine-dead-118040300033_1.html,1.0,"AI assistant, from the article URL text; needs verification by a human coder",1
sc_st_bharat_bandh_2018,True,2018-04-02,http://www.firstpost.com/india/bharat-bandh-mha-closely-monitoring-situation-as-six-die-in-north-india-during-violent-dalit-protests-key-developments-4415179.html,1.0,"AI assistant, from the article URL text; needs verification by a human coder",1
sc_st_bharat_bandh_2018,True,2018-04-02,https://www.hindustantimes.com/india-news/bharat-bandh-what-happened-where-during-dalit-protests/story-YWxy5nWriDoQZALyCKoAJM.html,1.0,"AI assistant, from the article URL text; needs verification by a human coder",1
sc_st_bharat_bandh_2018,True,2018-04-02,http://www.thehindu.com/news/national/karnataka/dalits-stage-protest-in-belagavi/article23415864.ece,1.0,"AI assistant, from the article URL text; needs verification by a human coder",1
sc_st_bharat_bandh_2018,True,2018-04-02,http://www.business-standard.com/article/news-ians/violence-erupts-in-mp-over-sc-st-act-118040200440_1.html,1.0,"AI assistant, from the article URL text; needs verification by a human coder",1
sc_st_bharat_bandh_2018,True,2018-04-02,http://english.sakshi.com/news/2018/04/02/bharath-bandh-4-killed-in-mp-1-in-rajasthan,1.0,"AI assistant, from the article URL text; needs verification by a human coder",1
sc_st_bharat_bandh_2018,True,2018-04-02,http://theindianawaaz.com/dalits-across-india-protest-against-supreme-court-ruling-on-scst-act/,1.0,"AI assistant, from the article URL text; needs verification by a human coder",1
sc_st_bharat_bandh_2018,True,2018-04-02,http://www.dnaindia.com/india/report-we-salute-protesting-dalits-keeping-them-in-lowest-strata-in-dna-of-rss-bjp-rahul-gandhi-on-bharat-bandh-2600222,1.0,"AI assistant, from the article URL text; needs verification by a human coder",1
sc_st_bharat_bandh_2018,True,2018-04-02,http://www.business-standard.com/article/pti-stories/protests-across-gujarat-over-sc-st-act-verdict-118040201041_1.html,1.0,"AI assistant, from the article URL text; needs verification by a human coder",1
sc_st_bharat_bandh_2018,True,2018-04-02,http://www.firstpost.com/india/sc-declines-urgent-hearing-of-pil-against-scst-ruling-dipak-misra-says-there-is-no-urgency-on-matter-4415005.html,1.0,"AI assistant, from the article URL text; needs verification by a human coder",1
sc_st_bharat_bandh_2018,True,2018-04-02,http://www.tribuneindia.com/news/nation/govt-didn-t-present-full-facts-in-apex-court-selja/567852.html,1.0,"AI assistant, from the article URL text; needs verification by a human coder",1
sc_st_bharat_bandh_2018,True,2018-04-02,https://timesofindia.indiatimes.com/city/lucknow/savitri-bai-phule-asks-dalits-to-unite-for-safeguarding-quota-right/articleshow/63573512.cms,1.0,"AI assistant, from the article URL text; needs verification by a human coder",1
sc_st_bharat_bandh_2018,True,2018-04-02,https://www.ndtv.com/india-news/bharat-bandh-up-police-say-mayawatis-lawmaker-main-conspirator-in-dalit-protests-1831893,1.0,"AI assistant, from the article URL text; needs verification by a human coder",1
sc_st_bharat_bandh_2018,True,2018-04-02,http://www.btvi.in/article/read/national/64442/sc-st-act--protests-erupt-in-punjab--hary--cbse-postpones-exams,1.0,"AI assistant, from the article URL text; needs verification by a human coder",1
sc_st_bharat_bandh_2018,False,2018-04-05,http://www.thenorthlines.com/union-minister-speaks-against-lack-of-sc-st-obc-judges-in-higher-judiciary/,0.0,"AI assistant, from the article URL text; needs verification by a human coder",1
sc_st_bharat_bandh_2018,False,2018-04-12,http://www.deccanherald.com/content/669989/mha-asks-states-ensure-security.html,1.0,"AI assistant, from the article URL text; needs verification by a human coder",1
sc_st_bharat_bandh_2018,False,2018-04-14,http://zeenews.india.com/gujarat/rukus-after-jignesh-mevanis-supporters-allegedly-obstruct-bjp-mps-from-garlanding-ambedkars-statue-2099916.html,1.0,"AI assistant, from the article URL text; needs verification by a human coder",1
sc_st_bharat_bandh_2018,False,2018-04-03,http://www.ummid.com/news/2018/April/03.04.2018/vhp-bajrang-dal-in-tripura-demand-ban-on-cow-slaughter.html,0.0,"AI assistant, from the article URL text; needs verification by a human coder",1
sc_st_bharat_bandh_2018,False,2018-04-03,http://www.thehindu.com/news/national/other-states/day-after-dalit-protests-death-toll-rises-to-11-counter-violence-in-rajasthan/article23426285.ece,1.0,"AI assistant, from the article URL text; needs verification by a human coder",1
sc_st_bharat_bandh_2018,False,2018-04-04,https://www.newsx.com/national/sc-st-act-row-bjp-govt-will-neither-remove-reservation-nor-will-let-anyone-end-it-says-amit-shah,1.0,"AI assistant, from the article URL text; needs verification by a human coder",1
sc_st_bharat_bandh_2018,False,2018-04-13,http://www.thehansindia.com/posts/index/Latest-News/2018-04-13/JNTUH-students-protest-over-professors-remark-on-SCSTs-/373851,0.0,"AI assistant, from the article URL text; needs verification by a human coder",1
sc_st_bharat_bandh_2018,False,2018-04-03,https://www.indiatvnews.com/news/india-bharat-bandh-violence-sub-inspector-mahendra-chowdhary-succumbs-to-injuries-in-rajasthan-s-jhodhpur-435713,1.0,"AI assistant, from the article URL text; needs verification by a human coder",1
upper_caste_bandh_2018,True,2018-09-06,https://www.dnaindia.com/india/report-bharat-bandh-live-protests-against-amendments-to-scst-act-in-bihar-mp-and-other-states-2659834,1.0,"AI assistant, from the article URL text; needs verification by a human coder",1
upper_caste_bandh_2018,True,2018-09-06,http://www.catchnews.com/national-news/sc-st-act-amendment-bharat-bandh-protest-intensified-across-the-country-as-thousands-took-to-streets-drones-deployed-for-surveillance-see-pics-131323.html,1.0,"AI assistant, from the article URL text; needs verification by a human coder",1
upper_caste_bandh_2018,True,2018-09-06,https://www.deccanchronicle.com/nation/current-affairs/070918/congress-calls-for-bharat-bandh-on-rising-fuel-prices-on-september-10.html,0.0,"AI assistant, from the article URL text; needs verification by a human coder",1
upper_caste_bandh_2018,True,2018-09-06,http://morungexpress.com/bharat-bandh-over-sc-st-act-effective-in-up-mp/,1.0,"AI assistant, from the article URL text; needs verification by a human coder",1
upper_caste_bandh_2018,True,2018-09-06,https://www.business-standard.com/article/pti-stories/shops-schools-shut-in-some-states-during-anti-reservation-bandh-118090600984_1.html,1.0,"AI assistant, from the article URL text; needs verification by a human coder",1
upper_caste_bandh_2018,True,2018-09-06,https://swarajyamag.com/insta/protests-erupt-over-draconian-scst-act-amendment-bharat-bandh-across-several-states,1.0,"AI assistant, from the article URL text; needs verification by a human coder",1
upper_caste_bandh_2018,True,2018-09-06,https://www.business-standard.com/article/pti-stories/mp-ex-mla-quits-bjp-against-restoring-atrocities-act-118090600731_1.html,1.0,"AI assistant, from the article URL text; needs verification by a human coder",1
upper_caste_bandh_2018,True,2018-09-06,http://www.canindia.com/bharat-bandh-over-sc-st-act-effective-in-up-mp/,1.0,"AI assistant, from the article URL text; needs verification by a human coder",1
upper_caste_bandh_2018,True,2018-09-06,https://www.business-standard.com/article/pti-stories/bharat-bandh-evokes-strong-response-in-mp-largely-peaceful-118090601311_1.html,1.0,"AI assistant, from the article URL text; needs verification by a human coder",1
upper_caste_bandh_2018,True,2018-09-06,https://indianexpress.com/article/india/ram-vilas-paswan-interview-this-is-a-conspiracy-congress-and-other-opposition-parties-are-behind-it-sc-st-act-5343875/,1.0,"AI assistant, from the article URL text; needs verification by a human coder",1
upper_caste_bandh_2018,True,2018-09-06,https://www.firstpost.com/india/bharat-bandh-against-scst-act-protests-carried-out-in-many-states-high-alert-issued-in-35-districts-of-madhya-pradesh-5128121.html,1.0,"AI assistant, from the article URL text; needs verification by a human coder",1
upper_caste_bandh_2018,True,2018-09-06,https://www.abplive.in/india-news/bharat-bandh-live-updates-section-144-imposed-security-beefed-up-in-madhya-pradesh-ahead-of-protest-against-scst-act-amendment-751809,1.0,"AI assistant, from the article URL text; needs verification by a human coder",1
upper_caste_bandh_2018,True,2018-09-06,https://timesofindia.indiatimes.com/city/patna/rail-road-services-hit-in-bihar-shutdown-against-sc/st-act/articleshow/65699753.cms,1.0,"AI assistant, from the article URL text; needs verification by a human coder",1
upper_caste_bandh_2018,True,2018-09-06,https://timesofindia.indiatimes.com/city/indore/nationwide-protest-bharat-bandh-private-schools-markets-to-remain-close-today/articleshow/65693241.cms,1.0,"AI assistant, from the article URL text; needs verification by a human coder",1
upper_caste_bandh_2018,True,2018-09-06,https://www.dailypioneer.com/2018/state-editions/life-by-and-large-normal-in-up-during----bharat-bandh---.html,1.0,"AI assistant, from the article URL text; needs verification by a human coder",1
upper_caste_bandh_2018,True,2018-09-06,https://www.canindia.com/congress-calls-for-bharat-bandh-on-sept-10-against-fuel-price-hike/,0.0,"AI assistant, from the article URL text; needs verification by a human coder",1
upper_caste_bandh_2018,True,2018-09-06,https://www.business-standard.com/article/news-ians/sporadic-violence-mars-bharat-bandh-road-rail-traffic-hit-118090601374_1.html,1.0,"AI assistant, from the article URL text; needs verification by a human coder",1
upper_caste_bandh_2018,True,2018-09-06,https://www.business-standard.com/article/opinion/bharat-bandh-over-sc-st-act-bjp-s-leadership-didn-t-know-how-to-react-118090601320_1.html,1.0,"AI assistant, from the article URL text; needs verification by a human coder",1
upper_caste_bandh_2018,False,2018-09-07,https://www.financialexpress.com/india-news/bharat-bandh-on-monday-september-10-congress-tmc-left-parties-to-protest-over-petrol-diesel-prices-check-timing-details/1305254/,0.0,"AI assistant, from the article URL text; needs verification by a human coder",1
upper_caste_bandh_2018,False,2018-09-09,https://www.heraldgoa.in/Goa/Cong-not-to-observe-bandh-on-rising-fuel-prices/135911.html,0.0,"AI assistant, from the article URL text; needs verification by a human coder",1
upper_caste_bandh_2018,False,2018-09-11,http://www.thehitavada.com/Encyc/2018/9/11/Bharat-Bandh-evokes-mixed-response.aspx,0.0,"AI assistant, from the article URL text; needs verification by a human coder",1
upper_caste_bandh_2018,False,2018-09-07,https://www.firstpost.com/india/bharat-bandh-against-scst-act-upper-caste-protesters-stop-trains-block-highways-across-north-india-5133211.html,1.0,"AI assistant, from the article URL text; needs verification by a human coder",1
upper_caste_bandh_2018,False,2018-09-09,https://www.ibtimes.co.in/bharat-bandh-schools-colleges-bengaluru-likely-remain-closed-september-10-780033,0.0,"AI assistant, from the article URL text; needs verification by a human coder",1
upper_caste_bandh_2018,False,2018-09-09,https://www.dnaindia.com/topic/bharat-bandh,0.0,"AI assistant, from the article URL text; needs verification by a human coder",1
upper_caste_bandh_2018,False,2018-09-10,http://zeenews.india.com/india/bharat-bandh-daayan-to-bikes-on-bullock-carts-oppositions-full-blown-attack-on-modi-government-2139905.html,0.0,"AI assistant, from the article URL text; needs verification by a human coder",1
upper_caste_bandh_2018,False,2018-09-10,http://www.freepressjournal.in/headlines/bharat-bandh-live-updates-congress-workers-stage-rail-roko-in-odisha-karnataka-bus-services-shut/1352767,0.0,"AI assistant, from the article URL text; needs verification by a human coder",1
sc_st_bharat_bandh_2024,True,2024-08-21,https://www.prokerala.com/news/articles/a1557829.html,,"AI assistant, from the article URL text; needs verification by a human coder",1
sc_st_bharat_bandh_2024,True,2024-08-21,https://www.mid-day.com/mumbai/mumbai-news/article/badlapur-sexual-assault-case-mva-calls-for-maharashtra-bandh-on-august-24-23378126,0.0,"AI assistant, from the article URL text; needs verification by a human coder",1
sc_st_bharat_bandh_2024,True,2024-08-21,https://www.theweek.in/wire-updates/national/2024/08/21/cal7-od-bandh.html,1.0,"AI assistant, from the article URL text; needs verification by a human coder",1
sc_st_bharat_bandh_2024,True,2024-08-21,https://menafn.com/1108584998/Bharat-Bandh-Patna-SDM-Mistakenly-Lathi-Charged-By-Policeman-Watch,1.0,"AI assistant, from the article URL text; needs verification by a human coder",1
sc_st_bharat_bandh_2024,True,2024-08-21,https://trak.in/stories/bharat-bandh-today-what-will-remain-closed-what-will-be-open/,1.0,"AI assistant, from the article URL text; needs verification by a human coder",1
sc_st_bharat_bandh_2024,True,2024-08-21,https://www.business-standard.com/india-news/bharat-bandh-scs-sts-protest-against-sc-ruling-on-quota-their-5-demands-124082100137_1.html,1.0,"AI assistant, from the article URL text; needs verification by a human coder",1
sc_st_bharat_bandh_2024,True,2024-08-21,https://www.aninews.in/news/national/general-news/bharat-bandh-security-tightened-ahead-of-protest-call-by-bsp-bhim-sena-in-madhya-pradeshs-gwalior20240821132344/,1.0,"AI assistant, from the article URL text; needs verification by a human coder",1
sc_st_bharat_bandh_2024,True,2024-08-21,https://www.bignewsnetwork.com/news/274500517/rajasthan-minister-appeals-to-people-to-hold-peaceful-bharat-bandh-says-traffic-system-should-remain-smooth,1.0,"AI assistant, from the article URL text; needs verification by a human coder",1
sc_st_bharat_bandh_2024,True,2024-08-21,https://www.business-standard.com/india-news/bharat-bandh-hits-rail-road-services-clash-in-bihar-s-jehanabad-updates-124082100312_1.html,1.0,"AI assistant, from the article URL text; needs verification by a human coder",1
sc_st_bharat_bandh_2024,True,2024-08-21,https://www.theweek.in/wire-updates/national/2024/08/21/cal6-jh-bandh.html,1.0,"AI assistant, from the article URL text; needs verification by a human coder",1
sc_st_bharat_bandh_2024,True,2024-08-21,https://www.timesnownews.com/india/bharat-bandh-today-nationwide-shutdown-live-updates-august-21-2024-check-what-opened-what-closed-news-liveblog-112667240,1.0,"AI assistant, from the article URL text; needs verification by a human coder",1
sc_st_bharat_bandh_2024,True,2024-08-21,https://www.freepressjournal.in/india/rajasthan-bandh-over-scst-reservation-subdivision-verdict-halts-state-internet-suspended-schools-closed-exams-cancelled,1.0,"AI assistant, from the article URL text; needs verification by a human coder",1
sc_st_bharat_bandh_2024,True,2024-08-21,https://www.livemint.com/news/india/maha-vikas-aghadi-calls-for-maharashtra-bandh-on-august-24-in-protest-against-badlapur-sexual-assault-case-11724232186367.html,0.0,"AI assistant, from the article URL text; needs verification by a human coder",1
sc_st_bharat_bandh_2024,True,2024-08-21,https://www.freepressjournal.in/bhopal/scst-creamy-layer-provision-bharat-bandh-rally-in-gwalior-chambal-3k-police-personnel-deployed-drone-surveillance-to-avoid-violence-watch,1.0,"AI assistant, from the article URL text; needs verification by a human coder",1
sc_st_bharat_bandh_2024,True,2024-08-21,https://countercurrents.org/2024/08/empowering-dalits-and-adivasis-a-need-of-the-hour/,1.0,"AI assistant, from the article URL text; needs verification by a human coder",1
sc_st_bharat_bandh_2024,True,2024-08-21,https://timesofindia.indiatimes.com/city/bhubaneswar/scst-communities-call-for-bharat-bandh-against-sc-quota-ruling/articleshow/112666313.cms,1.0,"AI assistant, from the article URL text; needs verification by a human coder",1
sc_st_bharat_bandh_2024,True,2024-08-21,https://economictimes.indiatimes.com/news/india/bharat-bandh-against-sc-order-on-quota-most-effective-in-bihar-jharkhand-tribal-belts/articleshow/112689203.cms,1.0,"AI assistant, from the article URL text; needs verification by a human coder",1
sc_st_bharat_bandh_2024,True,2024-08-21,https://www.thehindu.com/news/national/dalit-adivasi-bodies-take-to-streets-in-protest-against-scs-sub-quota-decision/article68551644.ece,1.0,"AI assistant, from the article URL text; needs verification by a human coder",1
sc_st_bharat_bandh_2024,False,2024-08-28,https://www.bignewsnetwork.com/news/274530649/bengal-bandh-bjp-jalpaiguri-mp-jayanta-kumar-car-gheraoed-in-siliguri,0.0,"AI assistant, from the article URL text; needs verification by a human coder",1
sc_st_bharat_bandh_2024,False,2024-08-20,https://menafn.com/1108578918/Bharat-Bandh-On-21-August-Why-Is-A-Nationwide-Protest-Being-Held-Who-Called-It-And-Other-Details,1.0,"AI assistant, from the article URL text; needs verification by a human coder",1
sc_st_bharat_bandh_2024,False,2024-08-22,https://www.livemint.com/news/india/badlapur-sexual-abuse-case-maha-vikas-aghadi-calls-for-maharashtra-bandh-on-august-24-devendra-fadnavis-11724289840941.html,0.0,"AI assistant, from the article URL text; needs verification by a human coder",1
sc_st_bharat_bandh_2024,False,2024-08-28,https://www.jagranjosh.com/news/bangla-bandh-today-28-august-2024-are-schools-colleges-closed-or-not-174147,0.0,"AI assistant, from the article URL text; needs verification by a human coder",1
sc_st_bharat_bandh_2024,False,2024-08-28,https://www.devdiscourse.com/article/politics/3065586-tmc-protests-against-bjps-12-hour-bengal-bandh,0.0,"AI assistant, from the article URL text; needs verification by a human coder",1
sc_st_bharat_bandh_2024,False,2024-08-15,https://www.udayavani.com/english-news/bjp-chief-rss-seniors-say-will-set-right-partys-state-unit-asked-me-to-stay-silent-yatnal,0.0,"AI assistant, from the article URL text; needs verification by a human coder",1
sc_st_bharat_bandh_2024,False,2024-08-23,https://www.jagranjosh.com/general-knowledge/maharashtra-bandh-august-24-who-called-it-and-key-reasons-1724398468-1,0.0,"AI assistant, from the article URL text; needs verification by a human coder",1
sc_st_bharat_bandh_2024,False,2024-08-20,https://timesofindia.indiatimes.com/city/mysuru/t-narasipura-bandh-ends-peacefully/articleshow/112637851.cms,0.0,"AI assistant, from the article URL text; needs verification by a human coder",1
ews_quota_2019,True,2019-01-08,https://www.timesnownews.com/mirror-now/in-focus/article/bharat-bandh-postal-services-public-sector-banks-affected-in-mumbai/343740,0.0,"AI assistant, from the article URL text; needs verification by a human coder",1
ews_quota_2019,True,2019-01-08,https://www.timesnownews.com/india/article/citizenship-amendment-bill-news-passed-in-lok-sabha-parliament-narendra-modi-nda-bjp-assam-understand-the-law-in-10-points/343954,0.0,"AI assistant, from the article URL text; needs verification by a human coder",1
ews_quota_2019,True,2019-01-09,https://www.newsnation.in/india-news/bharat-bandh-live-updates-shutdown-enters-its-second-day-today-kerala-strike-mumbai-mamata-banerjee-narendra-modi-citu--article-210910.html,0.0,"AI assistant, from the article URL text; needs verification by a human coder",1
ews_quota_2019,True,2019-01-08,https://www.business-standard.com/article/news-ians/citizenship-bill-protest-6-tribal-youths-hurt-in-police-firing-in-tripura-normal-life-hit-in-mizoram-119010801245_1.html,0.0,"AI assistant, from the article URL text; needs verification by a human coder",1
ews_quota_2019,True,2019-01-09,https://www.thehindu.com/news/national/sbi-branch-attacked-in-kerala-unions-claim-good-response/article25952320.ece,0.0,"AI assistant, from the article URL text; needs verification by a human coder",1
ews_quota_2019,True,2019-01-08,https://krishijagran.com/news/farmers-in-india-dying-after-cultivating-wheat-rice-nitin-gadkari/,0.0,"AI assistant, from the article URL text; needs verification by a human coder",1
ews_quota_2019,True,2019-01-08,https://www.geo.tv/latest/224413-modi-plans-jobs-quota-for-indias-upper-caste-poor,1.0,"AI assistant, from the article URL text; needs verification by a human coder",1
ews_quota_2019,True,2019-01-08,https://economictimes.indiatimes.com/news/politics-and-nation/lok-sabha-passes-citizenship-amendment-bill/articleshow/67438267.cms,0.0,"AI assistant, from the article URL text; needs verification by a human coder",1
ews_quota_2019,True,2019-01-08,https://www.thehindu.com/news/cities/Coimbatore/all-india-general-strike-sees-limited-impact-in-coimbatore/article25944334.ece,0.0,"AI assistant, from the article URL text; needs verification by a human coder",1
ews_quota_2019,True,2019-01-08,https://www.channelnewsasia.com/news/asia/sporadic-violence-in-nationwide-indian-strike-11098954,0.0,"AI assistant, from the article URL text; needs verification by a human coder",1
ews_quota_2019,True,2019-01-08,https://www.indiatvnews.com/news/india-assam-bandh-live-updates-student-organisations-protest-against-citizenship-amendment-bill-497866,0.0,"AI assistant, from the article URL text; needs verification by a human coder",1
ews_quota_2019,True,2019-01-08,https://www.timesnownews.com/india/article/citizenship-amendment-bill-2016-congress-walks-out-rajnath-singh-vows-to-deal-with-illegal-immigrants/343767,0.0,"AI assistant, from the article URL text; needs verification by a human coder",1
ews_quota_2019,True,2019-01-09,https://www.newsnation.in/india-news/bharat-bandh-day-2-shutdown-nationwide-strike-violence-west-bengal-odisha-kerala-rail-blockades-maharashtra-best-mumbai-article-210960.html,0.0,"AI assistant, from the article URL text; needs verification by a human coder",1
ews_quota_2019,True,2019-01-09,http://www.daijiworld.com/news/newsDisplay.aspx?newsID=552002,,"AI assistant, from the article URL text; needs verification by a human coder",1
ews_quota_2019,True,2019-01-08,https://www.outlookindia.com/website/story/india-news-student-bodies-call-for-ne-bandh-meghalaya-cheif-warns-against-unauthorised-absence/323140,0.0,"AI assistant, from the article URL text; needs verification by a human coder",1
ews_quota_2019,True,2019-01-09,https://www.msn.com/en-ae/news/newsindia/bill-to-give-citizenship-to-non-muslim-immigrants-passed-by-lok-sabha/ar-BBRYvzT,0.0,"AI assistant, from the article URL text; needs verification by a human coder",1
ews_quota_2019,True,2019-01-08,http://www.mangalam.com/en-news/detail/278809-india-bharat-bandh-protests-disrupts-normal-life.html,0.0,"AI assistant, from the article URL text; needs verification by a human coder",1
ews_quota_2019,True,2019-01-08,https://www.japantimes.co.jp/news/2019/01/08/world/u-s-top-court-rules-exxon-must-hand-papers-aid-probe-knew-climate-change/,0.0,"AI assistant, from the article URL text; needs verification by a human coder",1
ews_quota_2019,False,2019-01-21,https://www.thehindu.com/news/cities/Delhi/man-who-stabbed-robber-acted-in-self-defence-cops/article26055341.ece,0.0,"AI assistant, from the article URL text; needs verification by a human coder",1
ews_quota_2019,False,2019-01-10,https://allindiaroundup.com/news/kerala-nun-who-took-part-in-protests-against-bishop-gets-warning-from-church/,0.0,"AI assistant, from the article URL text; needs verification by a human coder",1
ews_quota_2019,False,2019-01-15,https://www.freepressjournal.in/latest-news/past-governments-ruled-india-like-sultans-pm-narendra-modi/1437229,0.0,"AI assistant, from the article URL text; needs verification by a human coder",1
ews_quota_2019,False,2019-01-13,https://english.mathrubhumi.com/news/india/congress-to-contest-all-80-seats-in-up-rahul-to-hold-13-rallies-1.3477694,0.0,"AI assistant, from the article URL text; needs verification by a human coder",1
ews_quota_2019,False,2019-01-21,https://www.prokerala.com/news/articles/a886086.html,,"AI assistant, from the article URL text; needs verification by a human coder",1
ews_quota_2019,False,2019-01-14,http://zeenews.india.com/india/amid-protests-over-citizenship-bill-rajnath-to-soon-meet-north-east-chief-ministers-2170596.html,0.0,"AI assistant, from the article URL text; needs verification by a human coder",1
ews_quota_2019,False,2019-01-17,http://www.daijiworld.com/news/newsDisplay.aspx?newsID=554035,,"AI assistant, from the article URL text; needs verification by a human coder",1
ews_quota_2019,False,2019-01-18,https://www.business-standard.com/article/news-ani/india-lodges-protest-with-pak-over-constitutional-status-to-gilgit-baltistan-119011801055_1.html,0.0,"AI assistant, from the article URL text; needs verification by a human coder",1
patidar_2015,True,2015-08-26,http://www.newsnation.in/article/88877-obc-quota-hardik-patel-calls-gujarat-bandh-internet-services-reportedly-suspende.html,1.0,"AI assistant, from the article URL text; needs verification by a human coder",1
patidar_2015,True,2015-08-26,http://allindiaroundup.com/news/no-whatsapp-in-gujarat-as-hardik-patel-rally-turns-violent/,1.0,"AI assistant, from the article URL text; needs verification by a human coder",1
patidar_2015,True,2015-08-26,http://www.smh.com.au/world/riots-turn-deadly-in-india-as-patel-clan-demands-inclusion-in-government-quotas-20150826-gj8mqg.html,1.0,"AI assistant, from the article URL text; needs verification by a human coder",1
patidar_2015,True,2015-08-27,http://www.newslaundry.com/2015/08/27/hardik-patel-ko-gussa-kyun-aaya/,1.0,"AI assistant, from the article URL text; needs verification by a human coder",1
patidar_2015,True,2015-08-25,http://www.indiatvnews.com/news/india/hardik-patel-profile-53951.html,1.0,"AI assistant, from the article URL text; needs verification by a human coder",1
patidar_2015,True,2015-08-26,http://www.coastaldigest.com/index.php/top-stories/78633-curfew-in-parts-of-gujarat-amid-bandh-call-today-by-hardik-patel,1.0,"AI assistant, from the article URL text; needs verification by a human coder",1
patidar_2015,True,2015-08-26,http://www.mensxp.com/special-features/today/27427-meet-hardik-patel-the-21yearold-fiery-patel-leader-who-shook-the-foundations-of-gujarat-government.html,1.0,"AI assistant, from the article URL text; needs verification by a human coder",1
patidar_2015,True,2015-08-26,http://www.business-standard.com/article/pti-stories/maha-congress-to-protest-for-muslim-quota-in-education-115082601352_1.html,0.0,"AI assistant, from the article URL text; needs verification by a human coder",1
patidar_2015,True,2015-08-25,http://timesofindia.indiatimes.com/india/Hardik-Patel-calls-for-Gujarat-bandh-urges-protesters-to-maintain-peace/articleshow/48675245.cms,1.0,"AI assistant, from the article URL text; needs verification by a human coder",1
patidar_2015,True,2015-08-26,http://www.afternoonvoice.com/after-patels-maratha-brahmins-reservation-demand-intensifies.html,0.0,"AI assistant, from the article URL text; needs verification by a human coder",1
patidar_2015,True,2015-08-25,http://www.dnaindia.com/india/report-obc-quota-for-patels-campaign-leader-hardik-patel-detained-by-ahmedabad-police-2118418,1.0,"AI assistant, from the article URL text; needs verification by a human coder",1
patidar_2015,True,2015-08-26,http://focusnews.com/india/gujarat-violence-live-5000-paramilitary-personnel-rushed-to-state-hardik-patel-calls-for-bandh/115476/,1.0,"AI assistant, from the article URL text; needs verification by a human coder",1
patidar_2015,True,2015-08-27,http://www.firstpost.com/india/patels-for-obc-quota-how-did-a-22-year-old-hardik-patel-mobilize-a-crowd-of-5-lakh-2409958.html,1.0,"AI assistant, from the article URL text; needs verification by a human coder",1
patidar_2015,True,2015-08-26,http://www.ifreepress.com/obc-quota-gujarat-bandh-today/,1.0,"AI assistant, from the article URL text; needs verification by a human coder",1
patidar_2015,True,2015-08-27,http://www.dnaindia.com/india/report-patel-quota-agitation-gujarat-continues-to-burn-2118898,1.0,"AI assistant, from the article URL text; needs verification by a human coder",1
patidar_2015,True,2015-08-26,http://www.economylead.com/states/patel-agitation-unexpected-turn-of-events-startle-many-87289,1.0,"AI assistant, from the article URL text; needs verification by a human coder",1
patidar_2015,True,2015-08-26,http://www.business-standard.com/article/current-affairs/gujarat-flares-up-under-patidar-ire-army-steps-in-115082601087_1.html,1.0,"AI assistant, from the article URL text; needs verification by a human coder",1
patidar_2015,True,2015-08-26,http://fitnhit.com/news/hardik-patel-calls-for-gujarat-bandh/33219/,1.0,"AI assistant, from the article URL text; needs verification by a human coder",1
patidar_2015,False,2015-09-01,http://www.thehansindia.com/posts/index/2015-09-01/Patels-inspire-Jat-quota-stir-173757,0.0,"AI assistant, from the article URL text; needs verification by a human coder",1
patidar_2015,False,2015-08-28,https://in.news.yahoo.com/quota-agitation-hardik-patel-meet-jats-demanding-reservation-102806878.html,1.0,"AI assistant, from the article URL text; needs verification by a human coder",1
patidar_2015,False,2015-08-24,http://www.newsnation.in/article/88724-gujarats-warning-hardik-patel-roars-face-narendra-modi.html,1.0,"AI assistant, from the article URL text; needs verification by a human coder",1
patidar_2015,False,2015-08-30,http://scroll.in/article/752121/patidar-leader-hardik-patel-to-meet-jat-gujjar-counterparts-in-delhi,1.0,"AI assistant, from the article URL text; needs verification by a human coder",1
patidar_2015,False,2015-08-22,http://economictimes.indiatimes.com/news/politics-and-nation/gujjar-leader-kirori-singh-bainsla-to-attend-patel-rally-over-quota-issue/articleshow/48623371.cms,1.0,"AI assistant, from the article URL text; needs verification by a human coder",1
patidar_2015,False,2015-08-19,http://www.ibnlive.com/news/india/gujarat-government-caught-in-reservation-war-after-patels-kshatriyas-and-brahmins-too-want-a-pie-1047777.html,1.0,"AI assistant, from the article URL text; needs verification by a human coder",1
patidar_2015,False,2015-09-04,http://timesofindia.indiatimes.com/city/surat/Reservation-stir-121-arrested-for-riots/articleshow/48800348.cms,1.0,"AI assistant, from the article URL text; needs verification by a human coder",1
patidar_2015,False,2015-09-01,http://www.centralchronicle.com/reservation-rebound.html,,"AI assistant, from the article URL text; needs verification by a human coder",1
jat_2016,True,2016-02-22,http://www.siasat.com/news/jat-riots19-dead-200-injured20000-crores-business-loss-920744/,1.0,"AI assistant, from the article URL text; needs verification by a human coder",1
jat_2016,True,2016-02-21,http://www.business-standard.com/article/pti-stories/jat-stir-haryana-remains-in-grip-of-violence-toll-rises-to-10-116022100432_1.html,1.0,"AI assistant, from the article URL text; needs verification by a human coder",1
jat_2016,True,2016-02-20,http://fait-religieux.com/2016/02/20/situation-in-haryana-remains-tensed-amid-protests-over-jat.html,1.0,"AI assistant, from the article URL text; needs verification by a human coder",1
jat_2016,True,2016-02-20,http://www.sify.com/news/jat-stir-trains-delayed-traffic-disrupted-in-gurgaon-news-national-qcurEhdijejff.html,1.0,"AI assistant, from the article URL text; needs verification by a human coder",1
jat_2016,True,2016-02-20,http://www.iamin.in/en/north-west-delhi/news/delhi-feels-heat-jat-quota-protests-nh1-blocked-city-stares-water-crisis-85798,1.0,"AI assistant, from the article URL text; needs verification by a human coder",1
jat_2016,True,2016-02-21,http://www.mid-day.com/articles/haryana-burns-as-jat-protest-turns-into-unruly-violence/16973178,1.0,"AI assistant, from the article URL text; needs verification by a human coder",1
jat_2016,True,2016-02-22,http://www.business-standard.com/article/companies/jat-agitation-singes-auto-dealers-in-rohtak-116022300041_1.html,1.0,"AI assistant, from the article URL text; needs verification by a human coder",1
jat_2016,True,2016-02-22,http://indianexpress.com/article/india/india-news-india/haryana-jat-quota-stir-in-epicentre-rohtak-elderly-protesters-take-over/,1.0,"AI assistant, from the article URL text; needs verification by a human coder",1
jat_2016,True,2016-02-20,http://www.deccanchronicle.com/nation/current-affairs/200216/jat-quota-stir-turns-violent-in-haryana-army-uses-chopper-to-reach-rohtak.html,1.0,"AI assistant, from the article URL text; needs verification by a human coder",1
jat_2016,True,2016-02-22,http://www.siasat.com/news/sc-declines-entertain-plea-jat-agitation-920923/,1.0,"AI assistant, from the article URL text; needs verification by a human coder",1
jat_2016,True,2016-02-20,http://english.manoramaonline.com/news/just-in/army-violence-jat-quota-stir-haryana-rohtak-dead-injured-khattar.html,1.0,"AI assistant, from the article URL text; needs verification by a human coder",1
jat_2016,True,2016-02-22,http://www.ummid.com/news/2016/February/22.02.2016/jats-burn-bus-in-rajasthan.html,1.0,"AI assistant, from the article URL text; needs verification by a human coder",1
jat_2016,True,2016-02-19,http://zeenews.india.com/news/haryana/haryanas-jat-quota-protestcurfew-imposed-in-rohtak-bhiwani-city-areas-army-called-in_1857323.html,1.0,"AI assistant, from the article URL text; needs verification by a human coder",1
jat_2016,True,2016-02-20,http://www.business-standard.com/article/news-ians/jat-stir-trains-delayed-traffic-disrupted-in-gurgaon-116022000480_1.html,1.0,"AI assistant, from the article URL text; needs verification by a human coder",1
jat_2016,True,2016-02-21,http://ptinews.com/news/7127429_PM-s-effigy-burnt-by-Jat-protesters-outside-V-K-Singh.html,1.0,"AI assistant, from the article URL text; needs verification by a human coder",1
jat_2016,True,2016-02-21,http://www.newindianexpress.com/nation/Jat-Agitation-Delhi-Reels-Under-Water-Crisis-Schools-Shut-on-Monday/2016/02/21/article3289530.ece,1.0,"AI assistant, from the article URL text; needs verification by a human coder",1
jat_2016,True,2016-02-21,http://www.business-standard.com/article/news-ians/people-suffer-as-haryana-jat-agitation-enters-eighth-day-116022100084_1.html,1.0,"AI assistant, from the article URL text; needs verification by a human coder",1
jat_2016,True,2016-02-21,http://timesofindia.indiatimes.com/city/delhi/Jat-quota-stir-spills-over-to-city-DU-students-join-in/articleshow/51072952.cms,1.0,"AI assistant, from the article URL text; needs verification by a human coder",1
jat_2016,False,2016-02-17,http://www.theshillongtimes.com/2016/02/17/jats-intensify-stir-in-haryana-khattar-invites-them-for-talks/,1.0,"AI assistant, from the article URL text; needs verification by a human coder",1
jat_2016,False,2016-02-23,http://indianexpress.com/article/india/india-news-india/jat-quota-agitation-three-more-killed-govt-says-quota-bill-soon/,1.0,"AI assistant, from the article URL text; needs verification by a human coder",1
jat_2016,False,2016-02-16,http://www.hindustantimes.com/punjab/jat-quota-row-bjp-guard-in-haryana-in-a-fix-to-resolve-the-crisis/story-p0NvKIKinftacmh8NjbK3K.html,1.0,"AI assistant, from the article URL text; needs verification by a human coder",1
jat_2016,False,2016-02-25,http://fait-religieux.com/2016/02/25/jat-agitation-haryana-cm-faces-black-flags-murdabaad.html,1.0,"AI assistant, from the article URL text; needs verification by a human coder",1
jat_2016,False,2016-02-23,http://indiatoday.intoday.in/story/jat-agitation-khattar-visits-rohtak-faces-black-flags/1/603142.html,1.0,"AI assistant, from the article URL text; needs verification by a human coder",1
jat_2016,False,2016-02-25,http://scroll.in/article/804160/the-daily-fix-after-the-violence-of-the-jat-stir-haryana-must-answer-some-tough-questions,1.0,"AI assistant, from the article URL text; needs verification by a human coder",1
jat_2016,False,2016-02-29,http://indianexpress.com/article/cities/chandigarh/after-jat-agitation-focus-on-operating-international-flights-from-chandigarh-airport/,0.0,"AI assistant, from the article URL text; needs verification by a human coder",1
jat_2016,False,2016-02-18,http://www.business-standard.com/article/pti-stories/jat-stir-prohibitory-orders-clamped-in-rohtak-116021800676_1.html,1.0,"AI assistant, from the article URL text; needs verification by a human coder",1
kapu_2016,True,2016-01-31,http://www.newindianexpress.com/cities/chennai/Kapu-Agitation-Today-Hits-Howrah-Chennai-Train-Vizag-bound-Buses-Cancelled/2016/02/01/article3255028.ece,1.0,"AI assistant, from the article URL text; needs verification by a human coder",1
kapu_2016,True,2016-01-31,http://deccanchronicle.com/nation/current-affairs/310116/ap-members-of-kapu-community-block-railway-lines-seeking-reservation.html,1.0,"AI assistant, from the article URL text; needs verification by a human coder",1
kapu_2016,True,2016-01-31,http://www.ibnlive.com/news/india/andhras-kapu-community-seeks-obc-status-quota-in-state-institutions-go-on-a-rampage-1197327.html,1.0,"AI assistant, from the article URL text; needs verification by a human coder",1
kapu_2016,True,2016-01-31,http://www.newsnation.in/article/113275-kapu-community-protesters-set-ratnachal-express-fire-.html,1.0,"AI assistant, from the article URL text; needs verification by a human coder",1
kapu_2016,True,2016-01-31,http://indiatoday.intoday.in/story/kapu-protests-turn-violent-activists-set-ratnachal-express-on-fire/1/584158.html,1.0,"AI assistant, from the article URL text; needs verification by a human coder",1
kapu_2016,False,2016-02-07,http://www.firstpost.com/politics/reservations-for-kapus-embarrassment-for-tdp-a-chance-at-political-resurgence-for-mudragada-2613826.html,1.0,"AI assistant, from the article URL text; needs verification by a human coder",1
kapu_2016,False,2016-02-04,http://thetechportal.in/2016/02/04/labour-ministry-partners-with-uber-to-create-micro-entrepreneurial-opportunities-in-india/,0.0,"AI assistant, from the article URL text; needs verification by a human coder",1
kapu_2016,False,2016-02-06,http://www.khaleejtimes.com/international/india/andhra-tense-as-caste-leader-starts-indefinite-fast-for-quota,1.0,"AI assistant, from the article URL text; needs verification by a human coder",1
kapu_2016,False,2016-02-01,http://www.newindianexpress.com/cities/chennai/After-Kapu-Violence-Andhra-Bound-Buses-Cancelled-Train-Delayed/2016/02/01/article3255484.ece,1.0,"AI assistant, from the article URL text; needs verification by a human coder",1
kapu_2016,False,2016-02-01,http://in.newshub.org/kapus-andhra-pradesh-protest-over-reservations-top-7-points-note-20502851.html,1.0,"AI assistant, from the article URL text; needs verification by a human coder",1
kapu_2016,False,2016-02-01,http://www.jewocity.com/blog/kapu-meet-turns-violent-agitators-set-train-on-fire/258415,1.0,"AI assistant, from the article URL text; needs verification by a human coder",1
kapu_2016,False,2016-02-01,http://www.newdelhitimes.com/kapus-of-andhra-pradesh-hold-violent-demonstration-to-demand-quota123/,1.0,"AI assistant, from the article URL text; needs verification by a human coder",1
kapu_2016,False,2016-02-08,http://andhranews.net/updates/Kapu_reservation-_Pawan_suggests_government_to_hold_talks,1.0,"AI assistant, from the article URL text; needs verification by a human coder",1
maratha_march_mumbai_2017,True,2017-08-09,http://www.oneindia.com/india/what-is-the-maratha-kranti-morcha-rally-in-mumbai-all-about-2518304.html,1.0,"AI assistant, from the article URL text; needs verification by a human coder",1
maratha_march_mumbai_2017,True,2017-08-09,http://www.business-standard.com/article/pti-stories/marathas-take-out-massive-march-in-mumbai-to-press-for-quota-117080900563_1.html,1.0,"AI assistant, from the article URL text; needs verification by a human coder",1
maratha_march_mumbai_2017,True,2017-08-09,http://www.oneindia.com/india/maratha-kranti-morcha-rally-disrupts-traffic-in-mumbai-schools-shut-dabbawallahs-off-work-2517957.html,1.0,"AI assistant, from the article URL text; needs verification by a human coder",1
maratha_march_mumbai_2017,True,2017-08-09,http://www.india.com/news/india/maratha-kranti-morcha-in-mumbai-traffic-advisory-roads-closed-routes-to-avoid-and-more-details-2387738/,1.0,"AI assistant, from the article URL text; needs verification by a human coder",1
maratha_march_mumbai_2017,True,2017-08-09,http://www.deccanherald.com/content/627203/marathas-take-massive-march-mumbai.html,1.0,"AI assistant, from the article URL text; needs verification by a human coder",1
maratha_march_mumbai_2017,True,2017-08-09,http://punemirror.indiatimes.com/pune/civic/cracks-visible-in-maratha-morcha-as-many-sit-out/articleshow/59975929.cms,1.0,"AI assistant, from the article URL text; needs verification by a human coder",1
maratha_march_mumbai_2017,True,2017-08-09,http://pragativadi.com/massive-protest-cm-fadnavis-announces-sops-marathas/,1.0,"AI assistant, from the article URL text; needs verification by a human coder",1
maratha_march_mumbai_2017,True,2017-08-09,http://www.financialexpress.com/india-news/what-is-marathi-kranti-morcha-2017/800297/,1.0,"AI assistant, from the article URL text; needs verification by a human coder",1
maratha_march_mumbai_2017,True,2017-08-09,https://www.outlookindia.com/website/story/biggest-silent-march-in-mumbai-by-maratha-groups-over-quota/300190,1.0,"AI assistant, from the article URL text; needs verification by a human coder",1
maratha_march_mumbai_2017,True,2017-08-09,http://www.aljazeera.com/news/2017/08/marathas-march-mumbai-demand-jobs-loan-waiver-170809153551388.html,1.0,"AI assistant, from the article URL text; needs verification by a human coder",1
maratha_march_mumbai_2017,True,2017-08-09,http://www.newsnow.in/news/maratha-morcha-brings-mumbai-to-standstill,1.0,"AI assistant, from the article URL text; needs verification by a human coder",1
maratha_march_mumbai_2017,True,2017-08-09,http://www.newindianexpress.com/cities/mumbai/2017/aug/09/marathas-take-out-massive-march-in-mumbai-to-press-for-quota-1640612.html,1.0,"AI assistant, from the article URL text; needs verification by a human coder",1
maratha_march_mumbai_2017,True,2017-08-09,http://www.newsnation.in/india-news/maratha-reservation-protest-devendra-fadnavis-says-matter-referred-to-backward-classes-commission-article-179101.html,1.0,"AI assistant, from the article URL text; needs verification by a human coder",1
maratha_march_mumbai_2017,True,2017-08-09,http://www.tribuneindia.com/news/nation/maratha-silent-protest-brings-mumbai-to-halt/449529.html,1.0,"AI assistant, from the article URL text; needs verification by a human coder",1
maratha_march_mumbai_2017,True,2017-08-09,https://scroll.in/latest/846639/the-big-news-marathas-demand-reservation-with-silent-march-in-mumbai-and-nine-other-top-stories,1.0,"AI assistant, from the article URL text; needs verification by a human coder",1
maratha_march_mumbai_2017,True,2017-08-09,http://www.business-standard.com/article/pti-stories/marathas-send-out-loud-message-with-silent-march-in-mumbai-117080901653_1.html,1.0,"AI assistant, from the article URL text; needs verification by a human coder",1
maratha_march_mumbai_2017,True,2017-08-09,http://www.hindustantimes.com/mumbai-news/mumbai-maratha-kranti-morcha-need-reservation-in-education-to-compete-with-others/story-2simUSNHuuiiYBBPJAPGJK.html,1.0,"AI assistant, from the article URL text; needs verification by a human coder",1
maratha_march_mumbai_2017,True,2017-08-09,http://timesofindia.indiatimes.com/india/marathas-silent-protest-march-in-mumbai-makes-a-loud-impact-normal-life-hit/articleshow/59985809.cms,1.0,"AI assistant, from the article URL text; needs verification by a human coder",1
maratha_march_mumbai_2017,False,2017-08-10,http://www.newindianexpress.com/nation/2017/aug/10/maharashtra-kranti-morcha-all-you-need-to-know-1641248.html,1.0,"AI assistant, from the article URL text; needs verification by a human coder",1
maratha_march_mumbai_2017,False,2017-08-08,http://indianexpress.com/article/cities/pune/last-silent-maratha-march-today-leaders-warn-of-aggressive-stir-if-cm-fails-to-act-4788166/,1.0,"AI assistant, from the article URL text; needs verification by a human coder",1
maratha_march_mumbai_2017,False,2017-08-07,http://www.hindustantimes.com/mumbai-news/8-months-after-last-rally-marathas-to-march-organisers-say-it-will-bring-mumbai-to-a-standstill/story-0aRyVrA5vYloeoxDZwKYSM.html,1.0,"AI assistant, from the article URL text; needs verification by a human coder",1
maratha_march_mumbai_2017,False,2017-08-10,http://www.tribuneindia.com/news/nation/3-killed-2-hurt-in-mishap-while-returning-from-maratha-morcha/450131.html,1.0,"AI assistant, from the article URL text; needs verification by a human coder",1
maratha_march_mumbai_2017,False,2017-08-10,http://malaysiandigest.com/world/691861-marathas-march-in-mumbai-demand-jobs-and-loan-waiver.html,1.0,"AI assistant, from the article URL text; needs verification by a human coder",1
maratha_march_mumbai_2017,False,2017-08-07,http://www.firstpost.com/india/maratha-community-plans-to-hold-58th-silent-rally-in-mumbai-lakhs-expected-to-throng-azad-maidan-3903983.html,1.0,"AI assistant, from the article URL text; needs verification by a human coder",1
maratha_march_mumbai_2017,False,2017-08-10,http://www.financialexpress.com/india-news/maratha-kranti-morcha-rally-2017-massive-show-in-mumbai-for-quotas-government-announces-sops/801666/,1.0,"AI assistant, from the article URL text; needs verification by a human coder",1
maratha_march_mumbai_2017,False,2017-08-05,http://www.freepressjournal.in/mumbai/mumbai-shiv-sena-to-woo-marathas-during-morcha/1115912,1.0,"AI assistant, from the article URL text; needs verification by a human coder",1
maratha_quota_2018,True,2018-07-25,http://theindianawaaz.com/violence-mars-maratha-quota-stir-for-2nd-day/,1.0,"AI assistant, from the article URL text; needs verification by a human coder",1
maratha_quota_2018,True,2018-08-09,https://www.firstpost.com/india/maharashtra-bandh-stone-pelting-reported-across-state-as-maratha-groups-demand-quota-internet-suspended-in-parts-of-pune-district-4927591.html,1.0,"AI assistant, from the article URL text; needs verification by a human coder",1
maratha_quota_2018,True,2018-07-24,http://www.newsworldindia.in/national/maratha-kranti-morcha-complete-maharashtra-bandh-over-reservation-demands/304273/,1.0,"AI assistant, from the article URL text; needs verification by a human coder",1
maratha_quota_2018,True,2018-07-25,http://www.msn.com/en-in/news/newsindia/mumbai-shutdown-today-over-maratha-groups-quota-stir-10-points/ar-AAAnt7L,1.0,"AI assistant, from the article URL text; needs verification by a human coder",1
maratha_quota_2018,True,2018-07-25,http://www.freepressjournal.in/mumbai/mumbai-bandh-10-pictures-of-maratha-agitation-that-prove-the-protest-was-anything-but-peaceful/1321962,1.0,"AI assistant, from the article URL text; needs verification by a human coder",1
maratha_quota_2018,True,2018-07-24,https://www.indiatoday.in/india/story/maratha-reservation-protest-will-continue-today-with-a-statewide-bandh-1294211-2018-07-24,1.0,"AI assistant, from the article URL text; needs verification by a human coder",1
maratha_quota_2018,True,2018-07-24,https://indianexpress.com/article/explained/maratha-kranti-morcha-why-maratha-community-is-on-the-warpath-again-5274412/,1.0,"AI assistant, from the article URL text; needs verification by a human coder",1
maratha_quota_2018,True,2018-07-25,https://www.abplive.in/india-news/maratha-stand-off-shutdown-in-maharashtra-today-as-protest-turns-violent-731121,1.0,"AI assistant, from the article URL text; needs verification by a human coder",1
maratha_quota_2018,True,2018-08-09,https://www.nagpurtoday.in/maratha-bandh-mumbai-calm-maharashtra-at-a-standstill/08091328,1.0,"AI assistant, from the article URL text; needs verification by a human coder",1
maratha_quota_2018,True,2018-07-25,http://www.freepressjournal.in/mumbai/over-400-detained-in-mumbai-as-violence-mars-maratha-stir/1322119,1.0,"AI assistant, from the article URL text; needs verification by a human coder",1
maratha_quota_2018,True,2018-07-24,https://indianexpress.com/article/cities/mumbai/morcha-serves-ultimatum-to-cm-hold-talks-or-face-fiery-agitation-5274423/,1.0,"AI assistant, from the article URL text; needs verification by a human coder",1
maratha_quota_2018,True,2018-07-25,https://www.livemint.com/Politics/08nJ56wD9lUYIRMWt53HhJ/Maratha-groups-call-off-Mumbai-bandh-even-as-quota-protest.html,1.0,"AI assistant, from the article URL text; needs verification by a human coder",1
maratha_quota_2018,True,2018-07-24,https://www.moneycontrol.com/news/trends/current-affairs-trends/maratha-kranti-morcha-all-you-need-to-know-about-the-protests-in-maharashtra-2756191.html,1.0,"AI assistant, from the article URL text; needs verification by a human coder",1
maratha_quota_2018,True,2018-08-09,https://indianexpress.com/article/india/maharashtra-maratha-bandh-live-updates-mumbai-pune-reservation-violence-devendra-fadnavis-5298616/,1.0,"AI assistant, from the article URL text; needs verification by a human coder",1
maratha_quota_2018,True,2018-08-09,https://www.firstpost.com/india/maharashtra-bandh-live-updates-maratha-protesters-sit-in-outside-collectors-office-in-mumbais-bandra-area-shops-shut-in-sangli-4923461.html,1.0,"AI assistant, from the article URL text; needs verification by a human coder",1
maratha_quota_2018,True,2018-07-25,https://www.ndtv.com/india-news/maharashtra-on-edge-over-quota-stir-mumbai-bandh-today-1889186,1.0,"AI assistant, from the article URL text; needs verification by a human coder",1
maratha_quota_2018,True,2018-07-24,http://dnasyndication.com/dna/top_news/dna_english_news_and_features/Maratha_quota_agitation_boils_over_as_man_kills_self/DNMUM418842,1.0,"AI assistant, from the article URL text; needs verification by a human coder",1
maratha_quota_2018,True,2018-07-25,https://www.business-standard.com/article/current-affairs/maratha-quota-stir-mumbai-bandh-today-navi-mumbai-panvel-to-also-be-shut-118072500101_1.html,1.0,"AI assistant, from the article URL text; needs verification by a human coder",1
maratha_quota_2018,False,2018-07-28,https://www.indiatvnews.com/news/india-maratha-reservation-live-updates-cm-fadnavis-all-party-meeting-bjp-shiv-sena-mumbai-latest-news-455047,1.0,"AI assistant, from the article URL text; needs verification by a human coder",1
maratha_quota_2018,False,2018-08-05,https://indianexpress.com/article/india/mumbai-confidential-growing-clout-devendra-fadnavis-maratha-quota-reservation-girish-mahajan-maharashtra-5293076/,1.0,"AI assistant, from the article URL text; needs verification by a human coder",1
maratha_quota_2018,False,2018-08-02,http://www.freepressjournal.in/mumbai/maratha-quota-stir-jail-bharo-andolan-in-maharashtra-turns-out-to-be-a-flop-show/1326452,1.0,"AI assistant, from the article URL text; needs verification by a human coder",1
maratha_quota_2018,False,2018-07-23,http://www.dnaindia.com/india/report-maratha-kranti-morcha-activist-commits-suicide-protestors-refuse-to-take-body-demands-cm-fadnavis-resignation-2640851,1.0,"AI assistant, from the article URL text; needs verification by a human coder",1
maratha_quota_2018,False,2018-07-27,http://www.newsnation.in/india-news/congress-to-organise-rafale-deal-morcha-on-july-30--article-199302.html,0.0,"AI assistant, from the article URL text; needs verification by a human coder",1
maratha_quota_2018,False,2018-07-27,https://www.oneindia.com/india/rafale-deal-morcha-on-july-30-says-congress-2743614.html,0.0,"AI assistant, from the article URL text; needs verification by a human coder",1
maratha_quota_2018,False,2018-08-01,http://www.newsnation.in/india-news/maratha-reservation-stir-maratha-kranti-morcha-to-begin-jail-bharo-andolan-today--article-199628.html,1.0,"AI assistant, from the article URL text; needs verification by a human coder",1
maratha_quota_2018,False,2018-07-31,https://www.indiatvnews.com/news/india-maratha-quota-stir-violence-intensifies-in-maharashtra-one-more-person-commits-suicide-eight-people-attempt-self-immolation-455676,1.0,"AI assistant, from the article URL text; needs verification by a human coder",1
gujjar_2019,True,2019-02-12,https://www.ndtv.com/india-news/gujjar-protest-continues-quota-proposal-in-rajasthan-assembly-tomorrow-1992597,1.0,"AI assistant, from the article URL text; needs verification by a human coder",1
gujjar_2019,True,2019-02-11,https://www.hindustantimes.com/india-news/on-day-4-gujjar-quota-stir-starts-spreading-in-rajasthan/story-MCJc0dsoBzCSy3qxafkOZN.html,1.0,"AI assistant, from the article URL text; needs verification by a human coder",1
gujjar_2019,True,2019-02-10,https://indianexpress.com/article/india/rajasthan-gurjar-protesters-clash-with-police-three-vehicles-set-on-fire-5577807/,1.0,"AI assistant, from the article URL text; needs verification by a human coder",1
gujjar_2019,True,2019-02-11,https://indianexpress.com/article/india/gujjar-quota-agitation-kirori-bainsla-trains-diverted-highway-blocked-5578461/,1.0,"AI assistant, from the article URL text; needs verification by a human coder",1
gujjar_2019,True,2019-02-08,http://www.dailyexcelsior.com/reservation-for-faculties-govt-to-bring-ordinance-or-bill/,0.0,"AI assistant, from the article URL text; needs verification by a human coder",1
gujjar_2019,True,2019-02-09,https://www.dnaindia.com/india/photo-gallery-congress-in-spot-as-demand-for-gujjar-reservation-gains-steam-cm-gehlot-says-centre-can-do-constitutional-amendment-2718029,1.0,"AI assistant, from the article URL text; needs verification by a human coder",1
gujjar_2019,True,2019-02-08,https://zeenews.india.com/india/reservation-for-faculties-govt-to-bring-ordinance-or-bill-2178439.html,0.0,"AI assistant, from the article URL text; needs verification by a human coder",1
gujjar_2019,True,2019-02-10,https://www.theweek.in/wire-updates/national/2019/02/10/del17-rj-gujjars-ld%20agitation.html,1.0,"AI assistant, from the article URL text; needs verification by a human coder",1
gujjar_2019,True,2019-02-09,https://www.timesnownews.com/india/article/gujjar-reservation-agitation-in-rajasthan-gujjar-leader-kirori-singh-bainsla-rajasthan-quota-stir-gujjar-dharna-agitation-on-rail-track-tourism/362711,1.0,"AI assistant, from the article URL text; needs verification by a human coder",1
gujjar_2019,True,2019-02-10,https://www.business-standard.com/article/news-ians/police-lob-tear-gas-to-disperse-gujjar-protesters-in-rajasthan-119021000404_1.html,1.0,"AI assistant, from the article URL text; needs verification by a human coder",1
gujjar_2019,True,2019-02-10,https://www.timesnownews.com/india/article/gurjar-agitation-in-rajasthan-turns-violent-protesters-torch-police-vehicles-pelt-stones-as-gujjars-demand-reservation/363299,1.0,"AI assistant, from the article URL text; needs verification by a human coder",1
gujjar_2019,True,2019-02-09,https://www.timesnownews.com/india/article/gujjar-quota-stir-rajasthan-gujjar-quota-agitation-trains-cancelled-reservation-gujjar-dharna/362659,1.0,"AI assistant, from the article URL text; needs verification by a human coder",1
gujjar_2019,True,2019-02-13,https://www.thehansindia.com/posts/index/Latest-News/2019-02-13/Quota-agitation-by-Gujjars-turns-vicious/494261,1.0,"AI assistant, from the article URL text; needs verification by a human coder",1
gujjar_2019,True,2019-02-09,https://www.tribuneindia.com/news/nation/gujjar-agitation-affects-rail-road-traffic-in-rajasthan/726488.html,1.0,"AI assistant, from the article URL text; needs verification by a human coder",1
gujjar_2019,True,2019-02-10,http://tehelka.com/police-vehicles-torched-trains-blocked-as-gujjar-agitation-turns-violent-in-rajasthan/,1.0,"AI assistant, from the article URL text; needs verification by a human coder",1
gujjar_2019,True,2019-02-09,https://www.financialexpress.com/india-news/gujjar-reservation-protesters-block-rail-tracks-in-rajasthan-over-5-quota-demand-several-trains-cancelled/1482200/,1.0,"AI assistant, from the article URL text; needs verification by a human coder",1
gujjar_2019,True,2019-02-08,https://www.aninews.in/news/national/general-news/rajasthan-gujjars-demands-5-reservation-block-tracks-in-rajasthan20190208211410/,1.0,"AI assistant, from the article URL text; needs verification by a human coder",1
gujjar_2019,True,2019-02-11,https://www.sentinelassam.com/news/police-lob-tear-gas-to-disperse-gujjar-protesters/,1.0,"AI assistant, from the article URL text; needs verification by a human coder",1
gujjar_2019,False,2019-02-06,https://www.indiatoday.in/india/story/gujjars-threaten-to-go-on-rasta-roko-strike-in-rajasthan-on-february-8-1449841-2019-02-06,1.0,"AI assistant, from the article URL text; needs verification by a human coder",1
gujjar_2019,False,2019-02-14,https://timesofindia.indiatimes.com/city/jaipur/decision-on-quota-stir-likely-in-evening-gujjar-leader-bainsla/articleshow/67994813.cms,1.0,"AI assistant, from the article URL text; needs verification by a human coder",1
gujjar_2019,False,2019-02-14,https://www.business-standard.com/article/pti-stories/decision-on-quota-stir-likely-in-evening-says-gujjar-leader-bainsla-119021400550_1.html,1.0,"AI assistant, from the article URL text; needs verification by a human coder",1
gujjar_2019,False,2019-02-14,https://indianexpress.com/elections/rajasthan-congress-hopes-quota-move-will-quell-protests-but-gujjars-wait-watch-5584690/,1.0,"AI assistant, from the article URL text; needs verification by a human coder",1
gujjar_2019,False,2019-02-07,https://scroll.in/latest/912351/parliament-rajya-sabha-adjourned-as-opposition-protests-over-faculty-reservation-in-universities,0.0,"AI assistant, from the article URL text; needs verification by a human coder",1
gujjar_2019,False,2019-02-14,https://www.mid-day.com/articles/rajasthan-government-passes-bill-for-5-per-cent-reservation-for-gujjars/20404196,1.0,"AI assistant, from the article URL text; needs verification by a human coder",1
gujjar_2019,False,2019-02-14,https://www.dnaindia.com/jaipur/report-gurjars-block-rail-traffic-on-jaipur-sawai-madhopur-route-2719858,1.0,"AI assistant, from the article URL text; needs verification by a human coder",1
