episode,date,state,relevant_events,relevant_articles,violent_relevant_events,strict_relevant_events,india_protest_events,india_events
sc_st_bharat_bandh_2018,2018-03-26,Maharashtra,12,7,0,12,214,7231
sc_st_bharat_bandh_2018,2018-03-27,Chhattisgarh,2,1,0,2,156,7694
sc_st_bharat_bandh_2018,2018-03-27,Maharashtra,2,2,0,2,156,7694
sc_st_bharat_bandh_2018,2018-03-27,Rajasthan,2,1,0,2,156,7694
sc_st_bharat_bandh_2018,2018-03-28,Maharashtra,10,4,0,10,178,8185
sc_st_bharat_bandh_2018,2018-03-28,Punjab,2,1,0,2,178,8185
sc_st_bharat_bandh_2018,2018-03-28,Uttar Pradesh,5,2,0,5,178,8185
sc_st_bharat_bandh_2018,2018-03-29,Delhi,6,3,0,6,165,7369
sc_st_bharat_bandh_2018,2018-03-29,Maharashtra,1,1,0,1,165,7369
sc_st_bharat_bandh_2018,2018-03-29,Punjab,1,1,0,1,165,7369
sc_st_bharat_bandh_2018,2018-03-29,Uttar Pradesh,11,3,0,11,165,7369
sc_st_bharat_bandh_2018,2018-03-30,India (country-level),2,1,0,2,162,7015
sc_st_bharat_bandh_2018,2018-03-30,Karnataka,2,1,0,2,162,7015
sc_st_bharat_bandh_2018,2018-03-30,Maharashtra,1,1,0,1,162,7015
sc_st_bharat_bandh_2018,2018-03-31,Delhi,1,1,0,1,202,6120
sc_st_bharat_bandh_2018,2018-03-31,India (country-level),1,1,0,1,202,6120
sc_st_bharat_bandh_2018,2018-03-31,Uttar Pradesh,6,4,0,6,202,6120
sc_st_bharat_bandh_2018,2018-04-01,Delhi,12,2,6,12,192,5592
sc_st_bharat_bandh_2018,2018-04-01,Punjab,1,1,0,1,192,5592
sc_st_bharat_bandh_2018,2018-04-01,Uttar Pradesh,24,4,2,24,192,5592
sc_st_bharat_bandh_2018,2018-04-02,Andhra Pradesh,8,6,0,8,726,9480
sc_st_bharat_bandh_2018,2018-04-02,Bihar,30,12,5,30,726,9480
sc_st_bharat_bandh_2018,2018-04-02,Chhattisgarh,8,5,1,8,726,9480
sc_st_bharat_bandh_2018,2018-04-02,Dadra and Nagar Haveli,1,1,0,1,726,9480
sc_st_bharat_bandh_2018,2018-04-02,Delhi,26,21,1,26,726,9480
sc_st_bharat_bandh_2018,2018-04-02,Gujarat,15,9,1,15,726,9480
sc_st_bharat_bandh_2018,2018-04-02,Haryana,21,13,4,21,726,9480
sc_st_bharat_bandh_2018,2018-04-02,IN00,1,1,0,1,726,9480
sc_st_bharat_bandh_2018,2018-04-02,India (country-level),15,8,0,15,726,9480
sc_st_bharat_bandh_2018,2018-04-02,Jharkhand,8,3,3,8,726,9480
sc_st_bharat_bandh_2018,2018-04-02,Karnataka,8,5,0,8,726,9480
sc_st_bharat_bandh_2018,2018-04-02,Madhya Pradesh,28,20,4,28,726,9480
sc_st_bharat_bandh_2018,2018-04-02,Maharashtra,18,6,1,18,726,9480
sc_st_bharat_bandh_2018,2018-04-02,Odisha,7,5,0,7,726,9480
sc_st_bharat_bandh_2018,2018-04-02,Punjab,34,15,0,34,726,9480
sc_st_bharat_bandh_2018,2018-04-02,Rajasthan,21,13,1,21,726,9480
sc_st_bharat_bandh_2018,2018-04-02,Uttar Pradesh,51,37,3,51,726,9480
sc_st_bharat_bandh_2018,2018-04-02,Uttarakhand,6,3,0,6,726,9480
sc_st_bharat_bandh_2018,2018-04-02,West Bengal,2,1,0,2,726,9480
sc_st_bharat_bandh_2018,2018-04-03,Andhra Pradesh,1,1,0,1,493,9529
sc_st_bharat_bandh_2018,2018-04-03,Assam,5,2,0,5,493,9529
sc_st_bharat_bandh_2018,2018-04-03,Bihar,15,10,2,15,493,9529
sc_st_bharat_bandh_2018,2018-04-03,Delhi,25,18,1,25,493,9529
sc_st_bharat_bandh_2018,2018-04-03,Gujarat,8,6,0,8,493,9529
sc_st_bharat_bandh_2018,2018-04-03,Haryana,4,4,1,4,493,9529
sc_st_bharat_bandh_2018,2018-04-03,India (country-level),8,4,1,8,493,9529
sc_st_bharat_bandh_2018,2018-04-03,Jammu and Kashmir,1,1,0,1,493,9529
sc_st_bharat_bandh_2018,2018-04-03,Karnataka,6,4,1,6,493,9529
sc_st_bharat_bandh_2018,2018-04-03,Kerala,3,2,0,3,493,9529
sc_st_bharat_bandh_2018,2018-04-03,Madhya Pradesh,23,15,3,23,493,9529
sc_st_bharat_bandh_2018,2018-04-03,Maharashtra,5,4,0,5,493,9529
sc_st_bharat_bandh_2018,2018-04-03,Odisha,2,2,1,2,493,9529
sc_st_bharat_bandh_2018,2018-04-03,Puducherry,2,2,0,2,493,9529
sc_st_bharat_bandh_2018,2018-04-03,Punjab,2,1,0,2,493,9529
sc_st_bharat_bandh_2018,2018-04-03,Rajasthan,23,13,2,23,493,9529
sc_st_bharat_bandh_2018,2018-04-03,Tamil Nadu,2,2,0,2,493,9529
sc_st_bharat_bandh_2018,2018-04-03,Tripura,1,1,1,1,493,9529
sc_st_bharat_bandh_2018,2018-04-03,Uttar Pradesh,45,24,5,45,493,9529
sc_st_bharat_bandh_2018,2018-04-03,Uttarakhand,2,2,0,2,493,9529
sc_st_bharat_bandh_2018,2018-04-04,Andhra Pradesh,3,3,0,3,315,8291
sc_st_bharat_bandh_2018,2018-04-04,Bihar,5,4,0,5,315,8291
sc_st_bharat_bandh_2018,2018-04-04,Delhi,12,9,2,12,315,8291
sc_st_bharat_bandh_2018,2018-04-04,Haryana,6,3,0,6,315,8291
sc_st_bharat_bandh_2018,2018-04-04,IN00,3,2,0,3,315,8291
sc_st_bharat_bandh_2018,2018-04-04,India (country-level),5,5,0,5,315,8291
sc_st_bharat_bandh_2018,2018-04-04,Jharkhand,2,1,0,2,315,8291
sc_st_bharat_bandh_2018,2018-04-04,Karnataka,15,7,2,15,315,8291
sc_st_bharat_bandh_2018,2018-04-04,Kerala,1,1,0,1,315,8291
sc_st_bharat_bandh_2018,2018-04-04,Madhya Pradesh,9,7,0,9,315,8291
sc_st_bharat_bandh_2018,2018-04-04,Maharashtra,4,3,0,4,315,8291
sc_st_bharat_bandh_2018,2018-04-04,Odisha,2,1,0,2,315,8291
sc_st_bharat_bandh_2018,2018-04-04,Punjab,9,2,0,9,315,8291
sc_st_bharat_bandh_2018,2018-04-04,Rajasthan,18,7,10,18,315,8291
sc_st_bharat_bandh_2018,2018-04-04,Tamil Nadu,2,2,0,2,315,8291
sc_st_bharat_bandh_2018,2018-04-04,Uttar Pradesh,30,17,1,30,315,8291
sc_st_bharat_bandh_2018,2018-04-04,Uttarakhand,2,1,0,2,315,8291
sc_st_bharat_bandh_2018,2018-04-04,West Bengal,4,3,1,4,315,8291
sc_st_bharat_bandh_2018,2018-04-05,Andhra Pradesh,2,1,0,2,305,8371
sc_st_bharat_bandh_2018,2018-04-05,Delhi,11,8,0,11,305,8371
sc_st_bharat_bandh_2018,2018-04-05,Haryana,1,1,0,1,305,8371
sc_st_bharat_bandh_2018,2018-04-05,India (country-level),6,5,0,6,305,8371
sc_st_bharat_bandh_2018,2018-04-05,Jammu and Kashmir,1,1,0,1,305,8371
sc_st_bharat_bandh_2018,2018-04-05,Kerala,1,1,0,1,305,8371
sc_st_bharat_bandh_2018,2018-04-05,Madhya Pradesh,2,2,0,2,305,8371
sc_st_bharat_bandh_2018,2018-04-05,Maharashtra,2,2,0,2,305,8371
sc_st_bharat_bandh_2018,2018-04-05,Odisha,3,2,0,3,305,8371
sc_st_bharat_bandh_2018,2018-04-05,Rajasthan,2,2,0,2,305,8371
sc_st_bharat_bandh_2018,2018-04-05,Tamil Nadu,1,1,0,1,305,8371
sc_st_bharat_bandh_2018,2018-04-05,Uttar Pradesh,15,11,2,15,305,8371
sc_st_bharat_bandh_2018,2018-04-05,West Bengal,1,1,0,1,305,8371
sc_st_bharat_bandh_2018,2018-04-06,Bihar,3,2,0,3,241,8505
sc_st_bharat_bandh_2018,2018-04-06,Delhi,1,1,0,1,241,8505
sc_st_bharat_bandh_2018,2018-04-06,Gujarat,1,1,0,1,241,8505
sc_st_bharat_bandh_2018,2018-04-06,India (country-level),2,2,0,2,241,8505
sc_st_bharat_bandh_2018,2018-04-06,Karnataka,1,1,0,1,241,8505
sc_st_bharat_bandh_2018,2018-04-06,Madhya Pradesh,4,2,0,4,241,8505
sc_st_bharat_bandh_2018,2018-04-06,Maharashtra,3,3,0,3,241,8505
sc_st_bharat_bandh_2018,2018-04-06,Odisha,3,2,0,3,241,8505
sc_st_bharat_bandh_2018,2018-04-06,Rajasthan,3,2,0,3,241,8505
sc_st_bharat_bandh_2018,2018-04-06,Tamil Nadu,1,1,0,1,241,8505
sc_st_bharat_bandh_2018,2018-04-06,Tripura,1,1,0,1,241,8505
sc_st_bharat_bandh_2018,2018-04-06,Uttar Pradesh,5,4,1,5,241,8505
sc_st_bharat_bandh_2018,2018-04-07,Bihar,5,3,0,5,214,7409
sc_st_bharat_bandh_2018,2018-04-07,Chhattisgarh,1,1,0,1,214,7409
sc_st_bharat_bandh_2018,2018-04-07,Delhi,7,4,0,7,214,7409
sc_st_bharat_bandh_2018,2018-04-07,India (country-level),4,3,0,4,214,7409
sc_st_bharat_bandh_2018,2018-04-07,Karnataka,4,1,0,4,214,7409
sc_st_bharat_bandh_2018,2018-04-07,Maharashtra,3,1,0,3,214,7409
sc_st_bharat_bandh_2018,2018-04-07,Punjab,2,1,0,2,214,7409
sc_st_bharat_bandh_2018,2018-04-07,Tamil Nadu,1,1,0,1,214,7409
sc_st_bharat_bandh_2018,2018-04-07,Uttar Pradesh,14,7,0,14,214,7409
sc_st_bharat_bandh_2018,2018-04-08,Bihar,3,2,0,3,281,6126
sc_st_bharat_bandh_2018,2018-04-08,Delhi,9,4,0,9,281,6126
sc_st_bharat_bandh_2018,2018-04-08,Gujarat,1,1,0,1,281,6126
sc_st_bharat_bandh_2018,2018-04-08,Haryana,2,2,0,2,281,6126
sc_st_bharat_bandh_2018,2018-04-08,Himachal Pradesh,1,1,0,1,281,6126
sc_st_bharat_bandh_2018,2018-04-08,India (country-level),4,2,0,4,281,6126
sc_st_bharat_bandh_2018,2018-04-08,Karnataka,1,1,0,1,281,6126
sc_st_bharat_bandh_2018,2018-04-08,Kerala,1,1,0,1,281,6126
sc_st_bharat_bandh_2018,2018-04-08,Madhya Pradesh,4,3,0,4,281,6126
sc_st_bharat_bandh_2018,2018-04-08,Maharashtra,3,3,0,3,281,6126
sc_st_bharat_bandh_2018,2018-04-08,Puducherry,1,1,0,1,281,6126
sc_st_bharat_bandh_2018,2018-04-08,Punjab,1,1,0,1,281,6126
sc_st_bharat_bandh_2018,2018-04-08,Rajasthan,4,1,0,4,281,6126
sc_st_bharat_bandh_2018,2018-04-08,Tamil Nadu,2,1,0,2,281,6126
sc_st_bharat_bandh_2018,2018-04-08,Uttar Pradesh,17,7,0,17,281,6126
sc_st_bharat_bandh_2018,2018-04-09,Bihar,1,1,0,1,332,8839
sc_st_bharat_bandh_2018,2018-04-09,Delhi,15,12,1,15,332,8839
sc_st_bharat_bandh_2018,2018-04-09,Haryana,1,1,0,1,332,8839
sc_st_bharat_bandh_2018,2018-04-09,IN00,2,1,0,2,332,8839
sc_st_bharat_bandh_2018,2018-04-09,India (country-level),4,2,0,4,332,8839
sc_st_bharat_bandh_2018,2018-04-09,Jammu and Kashmir,1,1,0,1,332,8839
sc_st_bharat_bandh_2018,2018-04-09,Karnataka,6,5,0,6,332,8839
sc_st_bharat_bandh_2018,2018-04-09,Kerala,9,4,0,9,332,8839
sc_st_bharat_bandh_2018,2018-04-09,Madhya Pradesh,4,2,0,4,332,8839
sc_st_bharat_bandh_2018,2018-04-09,Maharashtra,4,2,0,4,332,8839
sc_st_bharat_bandh_2018,2018-04-09,Odisha,1,1,0,1,332,8839
sc_st_bharat_bandh_2018,2018-04-09,Punjab,1,1,0,1,332,8839
sc_st_bharat_bandh_2018,2018-04-09,Rajasthan,2,2,0,2,332,8839
sc_st_bharat_bandh_2018,2018-04-09,Tamil Nadu,5,3,0,5,332,8839
sc_st_bharat_bandh_2018,2018-04-09,Uttar Pradesh,27,21,0,27,332,8839
sc_st_bharat_bandh_2018,2018-04-10,Delhi,8,6,1,8,309,8582
sc_st_bharat_bandh_2018,2018-04-10,IN00,2,1,0,2,309,8582
sc_st_bharat_bandh_2018,2018-04-10,India (country-level),2,1,0,2,309,8582
sc_st_bharat_bandh_2018,2018-04-10,Jammu and Kashmir,1,1,0,1,309,8582
sc_st_bharat_bandh_2018,2018-04-10,Karnataka,4,2,0,4,309,8582
sc_st_bharat_bandh_2018,2018-04-10,Madhya Pradesh,2,1,0,2,309,8582
sc_st_bharat_bandh_2018,2018-04-10,Maharashtra,4,3,0,4,309,8582
sc_st_bharat_bandh_2018,2018-04-10,Rajasthan,6,3,0,6,309,8582
sc_st_bharat_bandh_2018,2018-04-10,Uttar Pradesh,10,5,0,10,309,8582
sc_st_bharat_bandh_2018,2018-04-10,Uttarakhand,1,1,0,1,309,8582
sc_st_bharat_bandh_2018,2018-04-11,Andhra Pradesh,3,2,0,3,406,9067
sc_st_bharat_bandh_2018,2018-04-11,Delhi,3,2,0,3,406,9067
sc_st_bharat_bandh_2018,2018-04-11,Jammu and Kashmir,1,1,0,1,406,9067
sc_st_bharat_bandh_2018,2018-04-11,Karnataka,2,1,0,2,406,9067
sc_st_bharat_bandh_2018,2018-04-11,Madhya Pradesh,4,1,0,4,406,9067
sc_st_bharat_bandh_2018,2018-04-11,Tamil Nadu,1,1,0,1,406,9067
sc_st_bharat_bandh_2018,2018-04-11,Uttar Pradesh,12,8,0,12,406,9067
sc_st_bharat_bandh_2018,2018-04-12,Bihar,1,1,0,1,609,10514
sc_st_bharat_bandh_2018,2018-04-12,Delhi,4,3,0,4,609,10514
sc_st_bharat_bandh_2018,2018-04-12,India (country-level),3,3,0,3,609,10514
sc_st_bharat_bandh_2018,2018-04-12,Karnataka,4,3,0,4,609,10514
sc_st_bharat_bandh_2018,2018-04-12,Madhya Pradesh,2,1,0,2,609,10514
sc_st_bharat_bandh_2018,2018-04-12,Maharashtra,1,1,0,1,609,10514
sc_st_bharat_bandh_2018,2018-04-12,Rajasthan,1,1,0,1,609,10514
sc_st_bharat_bandh_2018,2018-04-12,Uttar Pradesh,4,3,0,4,609,10514
sc_st_bharat_bandh_2018,2018-04-13,Andhra Pradesh,1,1,0,1,394,10058
sc_st_bharat_bandh_2018,2018-04-13,Bihar,2,1,0,2,394,10058
sc_st_bharat_bandh_2018,2018-04-13,Delhi,2,2,0,2,394,10058
sc_st_bharat_bandh_2018,2018-04-13,Gujarat,2,1,0,2,394,10058
sc_st_bharat_bandh_2018,2018-04-13,India (country-level),2,2,0,2,394,10058
sc_st_bharat_bandh_2018,2018-04-13,Jammu and Kashmir,1,1,0,1,394,10058
sc_st_bharat_bandh_2018,2018-04-13,Maharashtra,1,1,0,1,394,10058
sc_st_bharat_bandh_2018,2018-04-13,Uttar Pradesh,5,4,0,5,394,10058
sc_st_bharat_bandh_2018,2018-04-14,Andhra Pradesh,4,1,0,4,272,7370
sc_st_bharat_bandh_2018,2018-04-14,Bihar,2,2,0,2,272,7370
sc_st_bharat_bandh_2018,2018-04-14,Delhi,3,2,0,3,272,7370
sc_st_bharat_bandh_2018,2018-04-14,Gujarat,11,6,0,11,272,7370
sc_st_bharat_bandh_2018,2018-04-14,Karnataka,5,2,0,5,272,7370
sc_st_bharat_bandh_2018,2018-04-14,Kerala,4,2,0,4,272,7370
sc_st_bharat_bandh_2018,2018-04-14,Madhya Pradesh,4,3,0,4,272,7370
sc_st_bharat_bandh_2018,2018-04-14,Maharashtra,3,1,0,3,272,7370
sc_st_bharat_bandh_2018,2018-04-14,Punjab,13,8,0,13,272,7370
sc_st_bharat_bandh_2018,2018-04-14,Tamil Nadu,3,2,0,3,272,7370
sc_st_bharat_bandh_2018,2018-04-14,Uttar Pradesh,18,6,0,18,272,7370
upper_caste_bandh_2018,2018-08-31,,0,0,0,0,136,7990
upper_caste_bandh_2018,2018-09-01,,0,0,0,0,64,5698
upper_caste_bandh_2018,2018-09-02,,0,0,0,0,55,5000
upper_caste_bandh_2018,2018-09-03,,0,0,0,0,87,6555
upper_caste_bandh_2018,2018-09-04,Delhi,1,1,0,1,110,8021
upper_caste_bandh_2018,2018-09-04,Madhya Pradesh,7,2,0,7,110,8021
upper_caste_bandh_2018,2018-09-05,Gujarat,1,1,0,0,218,8320
upper_caste_bandh_2018,2018-09-05,India (country-level),1,1,0,1,218,8320
upper_caste_bandh_2018,2018-09-05,Madhya Pradesh,14,7,0,12,218,8320
upper_caste_bandh_2018,2018-09-05,Uttarakhand,1,1,0,1,218,8320
upper_caste_bandh_2018,2018-09-06,Bihar,17,10,0,11,198,8847
upper_caste_bandh_2018,2018-09-06,Delhi,4,3,1,0,198,8847
upper_caste_bandh_2018,2018-09-06,IN00,3,1,0,3,198,8847
upper_caste_bandh_2018,2018-09-06,India (country-level),4,3,1,1,198,8847
upper_caste_bandh_2018,2018-09-06,Jharkhand,2,1,0,0,198,8847
upper_caste_bandh_2018,2018-09-06,Madhya Pradesh,27,16,0,16,198,8847
upper_caste_bandh_2018,2018-09-06,Maharashtra,1,1,0,0,198,8847
upper_caste_bandh_2018,2018-09-06,Rajasthan,3,3,0,2,198,8847
upper_caste_bandh_2018,2018-09-06,Uttar Pradesh,16,12,3,10,198,8847
upper_caste_bandh_2018,2018-09-07,Bihar,1,1,0,0,132,7810
upper_caste_bandh_2018,2018-09-07,Delhi,7,4,0,0,132,7810
upper_caste_bandh_2018,2018-09-07,Gujarat,3,1,0,0,132,7810
upper_caste_bandh_2018,2018-09-07,IN00,1,1,0,0,132,7810
upper_caste_bandh_2018,2018-09-07,India (country-level),4,2,0,0,132,7810
upper_caste_bandh_2018,2018-09-07,Madhya Pradesh,6,3,0,2,132,7810
upper_caste_bandh_2018,2018-09-07,Odisha,3,2,0,0,132,7810
upper_caste_bandh_2018,2018-09-07,Uttar Pradesh,3,2,0,2,132,7810
upper_caste_bandh_2018,2018-09-07,West Bengal,3,1,0,0,132,7810
upper_caste_bandh_2018,2018-09-08,Andhra Pradesh,1,1,1,0,195,6025
upper_caste_bandh_2018,2018-09-08,Bihar,2,1,0,0,195,6025
upper_caste_bandh_2018,2018-09-08,Karnataka,2,1,0,0,195,6025
upper_caste_bandh_2018,2018-09-08,Maharashtra,4,2,0,0,195,6025
upper_caste_bandh_2018,2018-09-08,Tripura,4,1,4,0,195,6025
upper_caste_bandh_2018,2018-09-08,Uttar Pradesh,5,2,3,2,195,6025
upper_caste_bandh_2018,2018-09-08,West Bengal,6,1,0,6,195,6025
upper_caste_bandh_2018,2018-09-09,Andhra Pradesh,2,1,0,0,156,5698
upper_caste_bandh_2018,2018-09-09,Assam,1,1,0,0,156,5698
upper_caste_bandh_2018,2018-09-09,Bihar,1,1,0,0,156,5698
upper_caste_bandh_2018,2018-09-09,Delhi,6,3,0,0,156,5698
upper_caste_bandh_2018,2018-09-09,Goa,2,1,0,0,156,5698
upper_caste_bandh_2018,2018-09-09,India (country-level),4,3,1,0,156,5698
upper_caste_bandh_2018,2018-09-09,Karnataka,8,6,0,0,156,5698
upper_caste_bandh_2018,2018-09-09,Maharashtra,8,3,0,0,156,5698
upper_caste_bandh_2018,2018-09-09,Odisha,2,2,1,0,156,5698
upper_caste_bandh_2018,2018-09-09,Rajasthan,5,2,0,0,156,5698
upper_caste_bandh_2018,2018-09-09,Uttar Pradesh,2,1,0,0,156,5698
upper_caste_bandh_2018,2018-09-10,Andhra Pradesh,41,24,0,0,552,8101
upper_caste_bandh_2018,2018-09-10,Assam,3,2,0,0,552,8101
upper_caste_bandh_2018,2018-09-10,Bihar,24,11,1,0,552,8101
upper_caste_bandh_2018,2018-09-10,Chhattisgarh,9,4,0,0,552,8101
upper_caste_bandh_2018,2018-09-10,Delhi,46,20,3,0,552,8101
upper_caste_bandh_2018,2018-09-10,Gujarat,2,2,0,0,552,8101
upper_caste_bandh_2018,2018-09-10,Haryana,25,6,0,0,552,8101
upper_caste_bandh_2018,2018-09-10,Himachal Pradesh,1,1,0,0,552,8101
upper_caste_bandh_2018,2018-09-10,IN00,1,1,0,0,552,8101
upper_caste_bandh_2018,2018-09-10,India (country-level),11,6,1,0,552,8101
upper_caste_bandh_2018,2018-09-10,Jammu and Kashmir,2,1,0,0,552,8101
upper_caste_bandh_2018,2018-09-10,Karnataka,17,12,1,0,552,8101
upper_caste_bandh_2018,2018-09-10,Kerala,6,3,0,0,552,8101
upper_caste_bandh_2018,2018-09-10,Madhya Pradesh,11,6,0,0,552,8101
upper_caste_bandh_2018,2018-09-10,Maharashtra,47,25,2,0,552,8101
upper_caste_bandh_2018,2018-09-10,Mizoram,3,1,0,0,552,8101
upper_caste_bandh_2018,2018-09-10,Odisha,11,7,0,0,552,8101
upper_caste_bandh_2018,2018-09-10,Punjab,3,2,0,0,552,8101
upper_caste_bandh_2018,2018-09-10,Rajasthan,15,9,0,0,552,8101
upper_caste_bandh_2018,2018-09-10,Tamil Nadu,9,5,0,0,552,8101
upper_caste_bandh_2018,2018-09-10,Tripura,4,1,0,0,552,8101
upper_caste_bandh_2018,2018-09-10,Uttar Pradesh,32,18,1,0,552,8101
upper_caste_bandh_2018,2018-09-10,Uttarakhand,14,4,0,0,552,8101
upper_caste_bandh_2018,2018-09-10,West Bengal,5,3,0,0,552,8101
upper_caste_bandh_2018,2018-09-11,Andhra Pradesh,6,2,0,0,253,7790
upper_caste_bandh_2018,2018-09-11,Bihar,1,1,0,0,253,7790
upper_caste_bandh_2018,2018-09-11,Delhi,13,5,2,0,253,7790
upper_caste_bandh_2018,2018-09-11,Haryana,3,1,0,0,253,7790
upper_caste_bandh_2018,2018-09-11,India (country-level),2,2,0,0,253,7790
upper_caste_bandh_2018,2018-09-11,Karnataka,2,1,0,0,253,7790
upper_caste_bandh_2018,2018-09-11,Madhya Pradesh,1,1,0,0,253,7790
upper_caste_bandh_2018,2018-09-11,Maharashtra,8,3,1,0,253,7790
upper_caste_bandh_2018,2018-09-11,Odisha,2,2,0,0,253,7790
upper_caste_bandh_2018,2018-09-11,Punjab,2,1,0,0,253,7790
upper_caste_bandh_2018,2018-09-11,Rajasthan,2,1,0,0,253,7790
upper_caste_bandh_2018,2018-09-11,Tamil Nadu,2,1,0,0,253,7790
upper_caste_bandh_2018,2018-09-11,Tripura,1,1,0,0,253,7790
upper_caste_bandh_2018,2018-09-11,Uttar Pradesh,4,2,0,0,253,7790
upper_caste_bandh_2018,2018-09-11,West Bengal,2,1,0,0,253,7790
upper_caste_bandh_2018,2018-09-12,Bihar,1,1,0,0,142,7804
upper_caste_bandh_2018,2018-09-12,Uttar Pradesh,2,1,0,2,142,7804
upper_caste_bandh_2018,2018-09-13,Delhi,1,1,0,0,84,6375
upper_caste_bandh_2018,2018-09-14,,0,0,0,0,110,6991
sc_st_bharat_bandh_2024,2024-08-14,,0,0,0,0,249,6801
sc_st_bharat_bandh_2024,2024-08-15,Delhi,1,1,1,1,201,6214
sc_st_bharat_bandh_2024,2024-08-15,Karnataka,1,1,1,1,201,6214
sc_st_bharat_bandh_2024,2024-08-16,West Bengal,1,1,0,0,318,6538
sc_st_bharat_bandh_2024,2024-08-17,India (country-level),1,1,0,1,401,6607
sc_st_bharat_bandh_2024,2024-08-17,West Bengal,3,1,0,0,401,6607
sc_st_bharat_bandh_2024,2024-08-18,Haryana,2,1,0,2,227,5287
sc_st_bharat_bandh_2024,2024-08-18,Uttar Pradesh,1,1,0,1,227,5287
sc_st_bharat_bandh_2024,2024-08-19,Maharashtra,3,1,0,0,190,7116
sc_st_bharat_bandh_2024,2024-08-19,West Bengal,1,1,0,0,190,7116
sc_st_bharat_bandh_2024,2024-08-20,India (country-level),3,2,0,3,215,7335
sc_st_bharat_bandh_2024,2024-08-20,Odisha,1,1,0,1,215,7335
sc_st_bharat_bandh_2024,2024-08-20,West Bengal,7,4,0,5,215,7335
sc_st_bharat_bandh_2024,2024-08-21,Bihar,26,9,3,26,293,7550
sc_st_bharat_bandh_2024,2024-08-21,Chhattisgarh,4,2,0,4,293,7550
sc_st_bharat_bandh_2024,2024-08-21,Delhi,1,1,0,1,293,7550
sc_st_bharat_bandh_2024,2024-08-21,Gujarat,3,3,0,3,293,7550
sc_st_bharat_bandh_2024,2024-08-21,Haryana,2,2,0,2,293,7550
sc_st_bharat_bandh_2024,2024-08-21,IN00,3,2,0,3,293,7550
sc_st_bharat_bandh_2024,2024-08-21,India (country-level),5,2,0,5,293,7550
sc_st_bharat_bandh_2024,2024-08-21,Jharkhand,1,1,0,0,293,7550
sc_st_bharat_bandh_2024,2024-08-21,Madhya Pradesh,1,1,0,1,293,7550
sc_st_bharat_bandh_2024,2024-08-21,Maharashtra,13,5,0,0,293,7550
sc_st_bharat_bandh_2024,2024-08-21,Odisha,6,3,0,5,293,7550
sc_st_bharat_bandh_2024,2024-08-21,Punjab,2,1,0,2,293,7550
sc_st_bharat_bandh_2024,2024-08-21,Rajasthan,7,4,0,7,293,7550
sc_st_bharat_bandh_2024,2024-08-21,Tamil Nadu,1,1,1,1,293,7550
sc_st_bharat_bandh_2024,2024-08-21,Uttar Pradesh,11,6,0,11,293,7550
sc_st_bharat_bandh_2024,2024-08-21,West Bengal,4,1,0,4,293,7550
sc_st_bharat_bandh_2024,2024-08-22,Bihar,8,1,0,8,248,7808
sc_st_bharat_bandh_2024,2024-08-22,Chhattisgarh,1,1,0,1,248,7808
sc_st_bharat_bandh_2024,2024-08-22,Maharashtra,4,3,0,2,248,7808
sc_st_bharat_bandh_2024,2024-08-22,Rajasthan,3,1,0,0,248,7808
sc_st_bharat_bandh_2024,2024-08-22,Uttar Pradesh,6,2,0,6,248,7808
sc_st_bharat_bandh_2024,2024-08-23,Delhi,4,2,0,4,203,7457
sc_st_bharat_bandh_2024,2024-08-23,Kerala,5,2,0,0,203,7457
sc_st_bharat_bandh_2024,2024-08-23,Maharashtra,32,18,0,0,203,7457
sc_st_bharat_bandh_2024,2024-08-23,Rajasthan,10,5,0,0,203,7457
sc_st_bharat_bandh_2024,2024-08-23,West Bengal,1,1,0,0,203,7457
sc_st_bharat_bandh_2024,2024-08-24,IN00,2,2,0,0,233,5942
sc_st_bharat_bandh_2024,2024-08-24,Maharashtra,40,10,0,0,233,5942
sc_st_bharat_bandh_2024,2024-08-24,Rajasthan,13,7,0,0,233,5942
sc_st_bharat_bandh_2024,2024-08-24,Uttar Pradesh,3,1,0,3,233,5942
sc_st_bharat_bandh_2024,2024-08-24,West Bengal,2,1,0,0,233,5942
sc_st_bharat_bandh_2024,2024-08-25,Delhi,1,1,0,0,101,4561
sc_st_bharat_bandh_2024,2024-08-25,Maharashtra,1,1,0,0,101,4561
sc_st_bharat_bandh_2024,2024-08-26,,0,0,0,0,137,5954
sc_st_bharat_bandh_2024,2024-08-27,Haryana,1,1,0,1,276,7406
sc_st_bharat_bandh_2024,2024-08-27,Jammu and Kashmir,1,1,0,0,276,7406
sc_st_bharat_bandh_2024,2024-08-27,Madhya Pradesh,3,1,0,3,276,7406
sc_st_bharat_bandh_2024,2024-08-27,West Bengal,13,5,4,0,276,7406
sc_st_bharat_bandh_2024,2024-08-28,Karnataka,1,1,0,0,238,7244
sc_st_bharat_bandh_2024,2024-08-28,Maharashtra,2,1,0,0,238,7244
sc_st_bharat_bandh_2024,2024-08-28,Tamil Nadu,2,1,0,0,238,7244
sc_st_bharat_bandh_2024,2024-08-28,Uttar Pradesh,2,1,0,0,238,7244
sc_st_bharat_bandh_2024,2024-08-28,Uttarakhand,1,1,0,0,238,7244
sc_st_bharat_bandh_2024,2024-08-28,West Bengal,67,27,8,0,238,7244
ews_quota_2019,2019-01-05,Andhra Pradesh,5,3,0,0,111,5042
ews_quota_2019,2019-01-05,Delhi,10,6,1,0,111,5042
ews_quota_2019,2019-01-05,Gujarat,7,4,0,0,111,5042
ews_quota_2019,2019-01-05,Haryana,1,1,1,0,111,5042
ews_quota_2019,2019-01-05,IN00,1,1,0,0,111,5042
ews_quota_2019,2019-01-05,India (country-level),2,2,0,0,111,5042
ews_quota_2019,2019-01-05,Karnataka,9,5,1,0,111,5042
ews_quota_2019,2019-01-05,Kerala,10,7,0,0,111,5042
ews_quota_2019,2019-01-05,Madhya Pradesh,2,2,0,0,111,5042
ews_quota_2019,2019-01-05,Maharashtra,1,1,0,0,111,5042
ews_quota_2019,2019-01-05,Punjab,1,1,0,0,111,5042
ews_quota_2019,2019-01-05,Uttar Pradesh,6,4,3,0,111,5042
ews_quota_2019,2019-01-06,Andaman and Nicobar Islands,2,2,0,0,116,4410
ews_quota_2019,2019-01-06,Andhra Pradesh,3,3,0,0,116,4410
ews_quota_2019,2019-01-06,Delhi,7,5,1,0,116,4410
ews_quota_2019,2019-01-06,Gujarat,7,4,0,0,116,4410
ews_quota_2019,2019-01-06,India (country-level),2,2,0,0,116,4410
ews_quota_2019,2019-01-06,Karnataka,3,2,0,0,116,4410
ews_quota_2019,2019-01-06,Kerala,14,8,2,0,116,4410
ews_quota_2019,2019-01-06,Madhya Pradesh,3,2,2,0,116,4410
ews_quota_2019,2019-01-06,Maharashtra,1,1,0,0,116,4410
ews_quota_2019,2019-01-06,Nagaland,1,1,0,0,116,4410
ews_quota_2019,2019-01-06,Odisha,7,1,0,0,116,4410
ews_quota_2019,2019-01-06,Rajasthan,2,2,0,0,116,4410
ews_quota_2019,2019-01-06,Tamil Nadu,2,2,0,0,116,4410
ews_quota_2019,2019-01-06,Uttar Pradesh,11,4,10,0,116,4410
ews_quota_2019,2019-01-07,Andhra Pradesh,3,2,0,0,202,6409
ews_quota_2019,2019-01-07,Assam,8,5,0,0,202,6409
ews_quota_2019,2019-01-07,Delhi,18,13,2,0,202,6409
ews_quota_2019,2019-01-07,Haryana,1,1,0,0,202,6409
ews_quota_2019,2019-01-07,India (country-level),3,2,0,0,202,6409
ews_quota_2019,2019-01-07,Karnataka,4,2,0,0,202,6409
ews_quota_2019,2019-01-07,Kerala,4,2,0,0,202,6409
ews_quota_2019,2019-01-07,Madhya Pradesh,1,1,0,0,202,6409
ews_quota_2019,2019-01-07,Maharashtra,7,4,2,0,202,6409
ews_quota_2019,2019-01-07,Punjab,1,1,0,0,202,6409
ews_quota_2019,2019-01-07,Rajasthan,5,3,0,0,202,6409
ews_quota_2019,2019-01-07,Tamil Nadu,2,2,0,0,202,6409
ews_quota_2019,2019-01-07,Tripura,1,1,0,0,202,6409
ews_quota_2019,2019-01-07,Uttar Pradesh,2,2,0,0,202,6409
ews_quota_2019,2019-01-07,West Bengal,2,1,0,0,202,6409
ews_quota_2019,2019-01-08,Andhra Pradesh,1,1,0,0,302,7484
ews_quota_2019,2019-01-08,Assam,13,9,1,0,302,7484
ews_quota_2019,2019-01-08,Chhattisgarh,1,1,0,0,302,7484
ews_quota_2019,2019-01-08,Delhi,19,12,1,2,302,7484
ews_quota_2019,2019-01-08,Gujarat,3,3,0,0,302,7484
ews_quota_2019,2019-01-08,Haryana,4,3,0,0,302,7484
ews_quota_2019,2019-01-08,India (country-level),10,8,0,0,302,7484
ews_quota_2019,2019-01-08,Karnataka,25,15,4,0,302,7484
ews_quota_2019,2019-01-08,Kerala,5,4,0,0,302,7484
ews_quota_2019,2019-01-08,Madhya Pradesh,3,2,0,1,302,7484
ews_quota_2019,2019-01-08,Maharashtra,16,7,0,0,302,7484
ews_quota_2019,2019-01-08,Odisha,9,5,0,0,302,7484
ews_quota_2019,2019-01-08,Rajasthan,4,2,0,0,302,7484
ews_quota_2019,2019-01-08,Tamil Nadu,6,4,2,0,302,7484
ews_quota_2019,2019-01-08,Uttar Pradesh,3,2,0,0,302,7484
ews_quota_2019,2019-01-08,Uttarakhand,2,1,0,0,302,7484
ews_quota_2019,2019-01-08,West Bengal,27,17,4,0,302,7484
ews_quota_2019,2019-01-09,Andhra Pradesh,3,1,0,0,229,6776
ews_quota_2019,2019-01-09,Assam,10,3,1,0,229,6776
ews_quota_2019,2019-01-09,Bihar,1,1,0,0,229,6776
ews_quota_2019,2019-01-09,Chhattisgarh,1,1,0,0,229,6776
ews_quota_2019,2019-01-09,Delhi,8,4,0,0,229,6776
ews_quota_2019,2019-01-09,Gujarat,3,2,0,0,229,6776
ews_quota_2019,2019-01-09,Haryana,1,1,0,0,229,6776
ews_quota_2019,2019-01-09,India (country-level),9,6,1,0,229,6776
ews_quota_2019,2019-01-09,Jammu and Kashmir,5,3,0,0,229,6776
ews_quota_2019,2019-01-09,Karnataka,6,4,0,0,229,6776
ews_quota_2019,2019-01-09,Kerala,6,4,0,0,229,6776
ews_quota_2019,2019-01-09,Madhya Pradesh,1,1,0,0,229,6776
ews_quota_2019,2019-01-09,Maharashtra,9,6,0,0,229,6776
ews_quota_2019,2019-01-09,Mizoram,1,1,0,0,229,6776
ews_quota_2019,2019-01-09,Tamil Nadu,4,3,0,0,229,6776
ews_quota_2019,2019-01-09,Tripura,8,3,0,0,229,6776
ews_quota_2019,2019-01-09,Uttar Pradesh,4,3,2,0,229,6776
ews_quota_2019,2019-01-09,West Bengal,16,10,0,0,229,6776
ews_quota_2019,2019-01-10,Andhra Pradesh,1,1,0,0,146,7049
ews_quota_2019,2019-01-10,Assam,8,3,1,0,146,7049
ews_quota_2019,2019-01-10,India (country-level),3,2,0,0,146,7049
ews_quota_2019,2019-01-10,Jammu and Kashmir,1,1,0,0,146,7049
ews_quota_2019,2019-01-10,Karnataka,4,3,0,0,146,7049
ews_quota_2019,2019-01-10,Kerala,4,3,0,0,146,7049
ews_quota_2019,2019-01-10,Maharashtra,2,2,0,0,146,7049
ews_quota_2019,2019-01-10,Tamil Nadu,2,1,0,0,146,7049
ews_quota_2019,2019-01-10,Tripura,3,1,0,0,146,7049
ews_quota_2019,2019-01-10,Uttar Pradesh,4,1,0,0,146,7049
ews_quota_2019,2019-01-10,West Bengal,1,1,0,0,146,7049
ews_quota_2019,2019-01-11,Assam,19,6,0,0,172,6998
ews_quota_2019,2019-01-11,Delhi,2,2,0,0,172,6998
ews_quota_2019,2019-01-11,Gujarat,1,1,0,0,172,6998
ews_quota_2019,2019-01-11,Haryana,1,1,0,0,172,6998
ews_quota_2019,2019-01-11,IN00,1,1,0,0,172,6998
ews_quota_2019,2019-01-11,India (country-level),4,3,0,0,172,6998
ews_quota_2019,2019-01-11,Jammu and Kashmir,3,3,0,0,172,6998
ews_quota_2019,2019-01-11,Karnataka,4,3,0,0,172,6998
ews_quota_2019,2019-01-11,Kerala,1,1,0,0,172,6998
ews_quota_2019,2019-01-11,Maharashtra,5,3,0,0,172,6998
ews_quota_2019,2019-01-11,Meghalaya,2,1,1,0,172,6998
ews_quota_2019,2019-01-11,Punjab,2,1,0,0,172,6998
ews_quota_2019,2019-01-11,Rajasthan,3,2,0,0,172,6998
ews_quota_2019,2019-01-11,Tamil Nadu,1,1,0,0,172,6998
ews_quota_2019,2019-01-11,Tripura,3,2,0,0,172,6998
ews_quota_2019,2019-01-11,West Bengal,6,5,0,0,172,6998
ews_quota_2019,2019-01-12,Assam,3,3,0,0,118,5701
ews_quota_2019,2019-01-12,Delhi,7,6,0,1,118,5701
ews_quota_2019,2019-01-12,Gujarat,1,1,0,0,118,5701
ews_quota_2019,2019-01-12,IN00,4,3,0,0,118,5701
ews_quota_2019,2019-01-12,India (country-level),2,2,1,0,118,5701
ews_quota_2019,2019-01-12,Karnataka,2,1,0,0,118,5701
ews_quota_2019,2019-01-12,Kerala,1,1,0,0,118,5701
ews_quota_2019,2019-01-12,Maharashtra,1,1,0,0,118,5701
ews_quota_2019,2019-01-12,Tripura,3,1,0,0,118,5701
ews_quota_2019,2019-01-12,Uttar Pradesh,2,2,0,0,118,5701
ews_quota_2019,2019-01-12,West Bengal,15,12,0,0,118,5701
ews_quota_2019,2019-01-13,Andhra Pradesh,2,2,0,0,89,4759
ews_quota_2019,2019-01-13,Assam,2,2,0,0,89,4759
ews_quota_2019,2019-01-13,Bihar,7,3,0,0,89,4759
ews_quota_2019,2019-01-13,Delhi,4,3,0,0,89,4759
ews_quota_2019,2019-01-13,IN00,1,1,0,0,89,4759
ews_quota_2019,2019-01-13,Jammu and Kashmir,6,3,0,0,89,4759
ews_quota_2019,2019-01-13,Karnataka,1,1,0,0,89,4759
ews_quota_2019,2019-01-13,Kerala,3,1,0,0,89,4759
ews_quota_2019,2019-01-13,Madhya Pradesh,2,1,0,0,89,4759
ews_quota_2019,2019-01-13,Maharashtra,5,2,0,0,89,4759
ews_quota_2019,2019-01-13,Manipur,1,1,0,0,89,4759
ews_quota_2019,2019-01-13,Uttar Pradesh,1,1,0,0,89,4759
ews_quota_2019,2019-01-14,Assam,5,3,0,0,142,6362
ews_quota_2019,2019-01-14,Delhi,15,7,0,0,142,6362
ews_quota_2019,2019-01-14,Gujarat,1,1,0,0,142,6362
ews_quota_2019,2019-01-14,IN00,1,1,0,0,142,6362
ews_quota_2019,2019-01-14,Jammu and Kashmir,2,1,0,0,142,6362
ews_quota_2019,2019-01-14,Karnataka,3,2,0,0,142,6362
ews_quota_2019,2019-01-14,Maharashtra,9,4,0,0,142,6362
ews_quota_2019,2019-01-14,Rajasthan,1,1,0,0,142,6362
ews_quota_2019,2019-01-14,Tamil Nadu,1,1,0,0,142,6362
ews_quota_2019,2019-01-14,Uttar Pradesh,7,4,0,1,142,6362
ews_quota_2019,2019-01-14,West Bengal,1,1,0,0,142,6362
ews_quota_2019,2019-01-15,Assam,5,1,0,0,91,6527
ews_quota_2019,2019-01-15,Bihar,4,1,0,0,91,6527
ews_quota_2019,2019-01-15,Delhi,1,1,0,0,91,6527
ews_quota_2019,2019-01-15,India (country-level),1,1,0,0,91,6527
ews_quota_2019,2019-01-15,Kerala,10,5,2,0,91,6527
ews_quota_2019,2019-01-15,Maharashtra,1,1,0,0,91,6527
ews_quota_2019,2019-01-15,Manipur,1,1,0,0,91,6527
ews_quota_2019,2019-01-15,Odisha,2,2,2,0,91,6527
ews_quota_2019,2019-01-15,Uttar Pradesh,9,5,1,0,91,6527
ews_quota_2019,2019-01-15,West Bengal,5,5,0,0,91,6527
ews_quota_2019,2019-01-16,Andhra Pradesh,1,1,0,0,133,6971
ews_quota_2019,2019-01-16,Bihar,1,1,0,0,133,6971
ews_quota_2019,2019-01-16,Delhi,6,3,0,0,133,6971
ews_quota_2019,2019-01-16,Haryana,6,4,0,0,133,6971
ews_quota_2019,2019-01-16,Jammu and Kashmir,2,2,0,0,133,6971
ews_quota_2019,2019-01-16,Karnataka,4,2,0,0,133,6971
ews_quota_2019,2019-01-16,Kerala,11,7,0,0,133,6971
ews_quota_2019,2019-01-16,Maharashtra,3,3,1,0,133,6971
ews_quota_2019,2019-01-16,Nagaland,1,1,0,0,133,6971
ews_quota_2019,2019-01-16,Rajasthan,5,2,0,0,133,6971
ews_quota_2019,2019-01-16,Uttar Pradesh,6,4,3,0,133,6971
ews_quota_2019,2019-01-16,West Bengal,6,5,0,0,133,6971
ews_quota_2019,2019-01-17,Andhra Pradesh,4,2,0,0,108,7048
ews_quota_2019,2019-01-17,Bihar,1,1,0,0,108,7048
ews_quota_2019,2019-01-17,Delhi,3,1,0,0,108,7048
ews_quota_2019,2019-01-17,Gujarat,1,1,0,0,108,7048
ews_quota_2019,2019-01-17,Haryana,5,2,0,0,108,7048
ews_quota_2019,2019-01-17,India (country-level),2,2,0,0,108,7048
ews_quota_2019,2019-01-17,Karnataka,6,5,0,0,108,7048
ews_quota_2019,2019-01-17,Kerala,6,4,0,0,108,7048
ews_quota_2019,2019-01-17,Madhya Pradesh,1,1,0,0,108,7048
ews_quota_2019,2019-01-17,Maharashtra,7,5,0,0,108,7048
ews_quota_2019,2019-01-17,Nagaland,1,1,0,0,108,7048
ews_quota_2019,2019-01-17,Rajasthan,1,1,0,0,108,7048
ews_quota_2019,2019-01-17,Tamil Nadu,2,1,0,0,108,7048
ews_quota_2019,2019-01-17,Uttar Pradesh,1,1,0,0,108,7048
ews_quota_2019,2019-01-17,Uttarakhand,1,1,0,0,108,7048
ews_quota_2019,2019-01-17,West Bengal,5,3,0,0,108,7048
ews_quota_2019,2019-01-18,Andhra Pradesh,2,1,0,0,111,6484
ews_quota_2019,2019-01-18,Delhi,8,5,0,0,111,6484
ews_quota_2019,2019-01-18,Haryana,3,1,0,0,111,6484
ews_quota_2019,2019-01-18,India (country-level),3,3,0,0,111,6484
ews_quota_2019,2019-01-18,Jammu and Kashmir,10,4,0,0,111,6484
ews_quota_2019,2019-01-18,Karnataka,6,2,0,0,111,6484
ews_quota_2019,2019-01-18,Kerala,1,1,0,0,111,6484
ews_quota_2019,2019-01-18,Maharashtra,14,4,0,0,111,6484
ews_quota_2019,2019-01-18,Rajasthan,2,2,0,0,111,6484
ews_quota_2019,2019-01-18,Tamil Nadu,8,3,0,0,111,6484
ews_quota_2019,2019-01-18,Uttar Pradesh,2,1,0,0,111,6484
ews_quota_2019,2019-01-18,West Bengal,3,2,0,0,111,6484
ews_quota_2019,2019-01-19,Andhra Pradesh,2,1,0,0,116,5487
ews_quota_2019,2019-01-19,Assam,6,4,0,0,116,5487
ews_quota_2019,2019-01-19,Bihar,4,2,0,0,116,5487
ews_quota_2019,2019-01-19,Dadra and Nagar Haveli,2,2,2,0,116,5487
ews_quota_2019,2019-01-19,Delhi,9,6,1,0,116,5487
ews_quota_2019,2019-01-19,IN00,1,1,0,0,116,5487
ews_quota_2019,2019-01-19,India (country-level),6,4,0,0,116,5487
ews_quota_2019,2019-01-19,Jammu and Kashmir,1,1,0,0,116,5487
ews_quota_2019,2019-01-19,Karnataka,5,4,1,0,116,5487
ews_quota_2019,2019-01-19,Kerala,3,2,0,0,116,5487
ews_quota_2019,2019-01-19,Maharashtra,1,1,0,0,116,5487
ews_quota_2019,2019-01-19,Tamil Nadu,5,2,0,0,116,5487
ews_quota_2019,2019-01-19,Uttar Pradesh,6,5,1,0,116,5487
ews_quota_2019,2019-01-19,West Bengal,12,9,1,0,116,5487
ews_quota_2019,2019-01-20,Delhi,7,3,4,0,66,4535
ews_quota_2019,2019-01-20,Gujarat,1,1,0,0,66,4535
ews_quota_2019,2019-01-20,Haryana,1,1,1,0,66,4535
ews_quota_2019,2019-01-20,Jammu and Kashmir,2,1,0,0,66,4535
ews_quota_2019,2019-01-20,Karnataka,1,1,0,0,66,4535
ews_quota_2019,2019-01-20,Madhya Pradesh,6,2,0,0,66,4535
ews_quota_2019,2019-01-20,Maharashtra,4,1,0,0,66,4535
ews_quota_2019,2019-01-20,Nagaland,1,1,0,0,66,4535
ews_quota_2019,2019-01-20,Uttar Pradesh,3,3,0,0,66,4535
ews_quota_2019,2019-01-20,West Bengal,6,3,1,0,66,4535
ews_quota_2019,2019-01-21,Assam,4,2,0,0,149,7100
ews_quota_2019,2019-01-21,Bihar,4,4,0,0,149,7100
ews_quota_2019,2019-01-21,Chhattisgarh,2,2,0,0,149,7100
ews_quota_2019,2019-01-21,Delhi,20,9,2,0,149,7100
ews_quota_2019,2019-01-21,Gujarat,3,1,0,0,149,7100
ews_quota_2019,2019-01-21,India (country-level),7,5,0,0,149,7100
ews_quota_2019,2019-01-21,Jammu and Kashmir,2,2,0,0,149,7100
ews_quota_2019,2019-01-21,Kerala,1,1,0,0,149,7100
ews_quota_2019,2019-01-21,Madhya Pradesh,18,7,1,0,149,7100
ews_quota_2019,2019-01-21,Punjab,2,1,0,0,149,7100
ews_quota_2019,2019-01-21,Rajasthan,5,4,0,0,149,7100
ews_quota_2019,2019-01-21,Tamil Nadu,4,2,0,0,149,7100
ews_quota_2019,2019-01-21,Tripura,3,2,0,0,149,7100
ews_quota_2019,2019-01-21,Uttar Pradesh,4,4,1,0,149,7100
ews_quota_2019,2019-01-21,West Bengal,15,6,0,0,149,7100
ews_quota_2019,2019-01-22,Andhra Pradesh,3,3,0,0,154,7174
ews_quota_2019,2019-01-22,Bihar,3,3,0,0,154,7174
ews_quota_2019,2019-01-22,Chhattisgarh,1,1,0,0,154,7174
ews_quota_2019,2019-01-22,Delhi,10,6,0,0,154,7174
ews_quota_2019,2019-01-22,IN00,1,1,0,0,154,7174
ews_quota_2019,2019-01-22,India (country-level),2,2,0,0,154,7174
ews_quota_2019,2019-01-22,Karnataka,1,1,1,0,154,7174
ews_quota_2019,2019-01-22,Kerala,2,2,0,0,154,7174
ews_quota_2019,2019-01-22,Madhya Pradesh,23,5,3,0,154,7174
ews_quota_2019,2019-01-22,Maharashtra,11,5,1,0,154,7174
ews_quota_2019,2019-01-22,Mizoram,1,1,0,0,154,7174
ews_quota_2019,2019-01-22,Nagaland,1,1,0,0,154,7174
ews_quota_2019,2019-01-22,Odisha,2,2,0,0,154,7174
ews_quota_2019,2019-01-22,Punjab,4,3,2,0,154,7174
ews_quota_2019,2019-01-22,Rajasthan,1,1,0,0,154,7174
ews_quota_2019,2019-01-22,Tamil Nadu,10,4,0,0,154,7174
ews_quota_2019,2019-01-22,Uttar Pradesh,17,8,1,0,154,7174
ews_quota_2019,2019-01-22,West Bengal,8,4,0,0,154,7174
patidar_2015,2015-08-18,Gujarat,2,1,0,2,250,8557
patidar_2015,2015-08-19,Gujarat,2,1,0,2,207,9275
patidar_2015,2015-08-19,Punjab,1,1,0,1,207,9275
patidar_2015,2015-08-20,,0,0,0,0,171,9009
patidar_2015,2015-08-21,Gujarat,4,2,0,4,124,9197
patidar_2015,2015-08-22,Gujarat,7,2,0,7,85,7471
patidar_2015,2015-08-22,Madhya Pradesh,1,1,0,1,85,7471
patidar_2015,2015-08-22,Uttar Pradesh,1,1,0,1,85,7471
patidar_2015,2015-08-23,Gujarat,3,1,0,3,119,6210
patidar_2015,2015-08-24,Gujarat,6,5,0,6,200,7866
patidar_2015,2015-08-24,Uttar Pradesh,1,1,0,1,200,7866
patidar_2015,2015-08-25,Delhi,4,2,0,4,223,8466
patidar_2015,2015-08-25,Gujarat,19,12,0,19,223,8466
patidar_2015,2015-08-25,Madhya Pradesh,2,1,0,2,223,8466
patidar_2015,2015-08-26,Gujarat,24,18,2,24,166,9202
patidar_2015,2015-08-26,Haryana,1,1,0,1,166,9202
patidar_2015,2015-08-26,Jammu and Kashmir,1,1,0,1,166,9202
patidar_2015,2015-08-26,Maharashtra,2,2,1,2,166,9202
patidar_2015,2015-08-26,Rajasthan,1,1,0,1,166,9202
patidar_2015,2015-08-26,Uttar Pradesh,1,1,0,1,166,9202
patidar_2015,2015-08-27,Bihar,1,1,0,1,149,9136
patidar_2015,2015-08-27,Gujarat,14,7,4,14,149,9136
patidar_2015,2015-08-27,Haryana,3,1,0,3,149,9136
patidar_2015,2015-08-27,Jammu and Kashmir,1,1,1,1,149,9136
patidar_2015,2015-08-27,Maharashtra,2,1,0,2,149,9136
patidar_2015,2015-08-27,Rajasthan,1,1,0,1,149,9136
patidar_2015,2015-08-28,Delhi,1,1,0,1,99,8401
patidar_2015,2015-08-28,Gujarat,4,3,0,4,99,8401
patidar_2015,2015-08-28,Jammu and Kashmir,1,1,0,1,99,8401
patidar_2015,2015-08-29,,0,0,0,0,106,6375
patidar_2015,2015-08-30,Bihar,3,1,0,3,136,5454
patidar_2015,2015-08-30,Gujarat,1,1,0,1,136,5454
patidar_2015,2015-08-31,Delhi,1,1,0,1,134,7760
patidar_2015,2015-08-31,Gujarat,3,3,0,3,134,7760
patidar_2015,2015-08-31,Madhya Pradesh,2,1,0,2,134,7760
patidar_2015,2015-09-01,Delhi,1,1,0,1,165,7674
patidar_2015,2015-09-01,Gujarat,1,1,0,1,165,7674
patidar_2015,2015-09-01,Haryana,2,1,0,2,165,7674
patidar_2015,2015-09-02,Gujarat,2,1,0,2,304,8690
patidar_2015,2015-09-02,India (country-level),1,1,0,1,304,8690
patidar_2015,2015-09-03,Gujarat,1,1,1,1,181,8071
patidar_2015,2015-09-04,Gujarat,1,1,0,1,96,7209
patidar_2015,2015-09-05,Gujarat,1,1,0,1,106,5755
patidar_2015,2015-09-06,Gujarat,1,1,0,1,103,5070
jat_2016,2016-02-08,Rajasthan,1,1,0,1,103,8015
jat_2016,2016-02-09,,0,0,0,0,113,9836
jat_2016,2016-02-10,Tamil Nadu,1,1,0,1,140,8319
jat_2016,2016-02-11,,0,0,0,0,124,9598
jat_2016,2016-02-12,,0,0,0,0,153,8988
jat_2016,2016-02-13,Haryana,2,2,0,2,142,7536
jat_2016,2016-02-14,Haryana,4,1,0,4,183,6422
jat_2016,2016-02-15,Haryana,1,1,0,1,206,8752
jat_2016,2016-02-16,Delhi,2,2,0,2,308,9547
jat_2016,2016-02-16,Haryana,4,2,0,4,308,9547
jat_2016,2016-02-16,Punjab,1,1,0,1,308,9547
jat_2016,2016-02-16,Uttarakhand,2,1,0,2,308,9547
jat_2016,2016-02-17,Delhi,1,1,0,1,364,10249
jat_2016,2016-02-17,Haryana,11,5,0,11,364,10249
jat_2016,2016-02-18,Delhi,2,1,0,2,359,10735
jat_2016,2016-02-18,Gujarat,3,2,0,3,359,10735
jat_2016,2016-02-18,Haryana,12,4,0,12,359,10735
jat_2016,2016-02-19,Delhi,4,3,2,4,332,9964
jat_2016,2016-02-19,Gujarat,4,2,0,4,332,9964
jat_2016,2016-02-19,Haryana,29,17,4,29,332,9964
jat_2016,2016-02-19,Uttar Pradesh,3,2,0,3,332,9964
jat_2016,2016-02-20,Delhi,6,5,0,6,241,7917
jat_2016,2016-02-20,Gujarat,1,1,0,1,241,7917
jat_2016,2016-02-20,Haryana,23,13,8,23,241,7917
jat_2016,2016-02-20,Madhya Pradesh,1,1,0,1,241,7917
jat_2016,2016-02-20,Uttar Pradesh,1,1,0,1,241,7917
jat_2016,2016-02-21,Delhi,29,15,2,29,303,7688
jat_2016,2016-02-21,Haryana,39,22,4,39,303,7688
jat_2016,2016-02-21,Karnataka,1,1,0,1,303,7688
jat_2016,2016-02-21,Punjab,1,1,0,1,303,7688
jat_2016,2016-02-21,Rajasthan,1,1,0,1,303,7688
jat_2016,2016-02-21,Uttar Pradesh,4,3,0,4,303,7688
jat_2016,2016-02-21,Uttarakhand,1,1,0,1,303,7688
jat_2016,2016-02-22,Delhi,16,10,2,16,276,9906
jat_2016,2016-02-22,Haryana,35,21,7,35,276,9906
jat_2016,2016-02-22,Karnataka,1,1,0,1,276,9906
jat_2016,2016-02-22,Maharashtra,1,1,0,1,276,9906
jat_2016,2016-02-22,Rajasthan,2,2,0,2,276,9906
jat_2016,2016-02-22,Tamil Nadu,1,1,1,1,276,9906
jat_2016,2016-02-23,Delhi,4,2,0,4,268,9840
jat_2016,2016-02-23,Haryana,12,8,6,12,268,9840
jat_2016,2016-02-23,Karnataka,3,1,3,3,268,9840
jat_2016,2016-02-24,Delhi,2,2,0,2,238,8705
jat_2016,2016-02-24,Haryana,7,3,2,7,238,8705
jat_2016,2016-02-24,Nagaland,2,1,0,2,238,8705
jat_2016,2016-02-24,Tamil Nadu,1,1,0,1,238,8705
jat_2016,2016-02-25,Delhi,2,2,1,2,171,8663
jat_2016,2016-02-25,Haryana,7,6,5,7,171,8663
jat_2016,2016-02-25,Rajasthan,1,1,0,1,171,8663
jat_2016,2016-02-25,Uttarakhand,1,1,0,1,171,8663
jat_2016,2016-02-26,Delhi,1,1,1,1,133,7853
jat_2016,2016-02-26,Haryana,2,2,2,2,133,7853
jat_2016,2016-02-26,Maharashtra,1,1,1,1,133,7853
jat_2016,2016-02-27,Delhi,3,2,0,3,170,6477
jat_2016,2016-02-27,Haryana,10,4,3,10,170,6477
jat_2016,2016-02-27,India (country-level),1,1,0,1,170,6477
jat_2016,2016-02-28,,0,0,0,0,127,5638
jat_2016,2016-02-29,Delhi,1,1,0,1,113,6637
jat_2016,2016-02-29,Haryana,1,1,1,1,113,6637
jat_2016,2016-03-01,Haryana,2,1,1,2,128,7228
jat_2016,2016-03-01,Jammu and Kashmir,1,1,1,1,128,7228
kapu_2016,2016-01-25,,0,0,0,0,170,8358
kapu_2016,2016-01-26,,0,0,0,0,99,6668
kapu_2016,2016-01-27,,0,0,0,0,219,7117
kapu_2016,2016-01-28,,0,0,0,0,227,7802
kapu_2016,2016-01-29,,0,0,0,0,254,6831
kapu_2016,2016-01-30,,0,0,0,0,296,6228
kapu_2016,2016-01-31,Andhra Pradesh,6,4,0,6,122,5298
kapu_2016,2016-01-31,Delhi,2,1,0,2,122,5298
kapu_2016,2016-01-31,Tamil Nadu,1,1,0,1,122,5298
kapu_2016,2016-02-01,Andhra Pradesh,5,4,0,5,307,8703
kapu_2016,2016-02-01,India (country-level),1,1,0,1,307,8703
kapu_2016,2016-02-01,Tamil Nadu,5,4,0,5,307,8703
kapu_2016,2016-02-02,,0,0,0,0,224,8129
kapu_2016,2016-02-03,Andhra Pradesh,2,1,0,2,189,8442
kapu_2016,2016-02-04,Andhra Pradesh,3,2,0,3,166,9014
kapu_2016,2016-02-04,Delhi,1,1,1,1,166,9014
kapu_2016,2016-02-05,,0,0,0,0,108,7788
kapu_2016,2016-02-06,Andhra Pradesh,2,1,0,2,109,5634
kapu_2016,2016-02-07,Andhra Pradesh,1,1,0,1,57,5461
kapu_2016,2016-02-07,Tamil Nadu,1,1,0,1,57,5461
kapu_2016,2016-02-08,Rajasthan,1,1,0,1,103,8015
maratha_march_mumbai_2017,2017-08-03,,0,0,0,0,146,7936
maratha_march_mumbai_2017,2017-08-04,,0,0,0,0,117,7948
maratha_march_mumbai_2017,2017-08-05,Delhi,1,1,0,1,198,6315
maratha_march_mumbai_2017,2017-08-05,Maharashtra,2,1,0,2,198,6315
maratha_march_mumbai_2017,2017-08-05,West Bengal,1,1,0,1,198,6315
maratha_march_mumbai_2017,2017-08-06,,0,0,0,0,128,5478
maratha_march_mumbai_2017,2017-08-07,Maharashtra,8,3,0,8,120,7215
maratha_march_mumbai_2017,2017-08-08,Delhi,1,1,0,1,161,7988
maratha_march_mumbai_2017,2017-08-08,Maharashtra,2,2,0,2,161,7988
maratha_march_mumbai_2017,2017-08-09,Bihar,2,1,0,2,169,8477
maratha_march_mumbai_2017,2017-08-09,Delhi,1,1,0,1,169,8477
maratha_march_mumbai_2017,2017-08-09,Maharashtra,45,27,0,45,169,8477
maratha_march_mumbai_2017,2017-08-09,Rajasthan,8,6,0,8,169,8477
maratha_march_mumbai_2017,2017-08-10,Andhra Pradesh,2,1,0,2,139,7796
maratha_march_mumbai_2017,2017-08-10,Maharashtra,7,6,0,7,139,7796
maratha_march_mumbai_2017,2017-08-11,,0,0,0,0,117,8457
maratha_march_mumbai_2017,2017-08-12,,0,0,0,0,94,6819
maratha_march_mumbai_2017,2017-08-13,,0,0,0,0,86,5901
maratha_march_mumbai_2017,2017-08-14,,0,0,0,0,90,8250
maratha_march_mumbai_2017,2017-08-15,,0,0,0,0,91,7306
maratha_quota_2018,2018-07-20,,0,0,0,0,112,6802
maratha_quota_2018,2018-07-21,,0,0,0,0,92,5372
maratha_quota_2018,2018-07-22,IN00,3,2,0,3,92,5028
maratha_quota_2018,2018-07-22,Maharashtra,3,2,0,3,92,5028
maratha_quota_2018,2018-07-23,IN00,1,1,0,1,177,6733
maratha_quota_2018,2018-07-23,Maharashtra,24,11,0,24,177,6733
maratha_quota_2018,2018-07-23,Rajasthan,1,1,0,1,177,6733
maratha_quota_2018,2018-07-24,Andhra Pradesh,8,3,0,8,245,7881
maratha_quota_2018,2018-07-24,IN00,4,4,0,4,245,7881
maratha_quota_2018,2018-07-24,Maharashtra,67,29,4,67,245,7881
maratha_quota_2018,2018-07-24,Rajasthan,5,4,0,5,245,7881
maratha_quota_2018,2018-07-25,Andhra Pradesh,2,2,0,2,190,7507
maratha_quota_2018,2018-07-25,Chhattisgarh,2,2,0,2,190,7507
maratha_quota_2018,2018-07-25,Delhi,1,1,0,1,190,7507
maratha_quota_2018,2018-07-25,IN00,3,3,0,3,190,7507
maratha_quota_2018,2018-07-25,Maharashtra,70,35,5,70,190,7507
maratha_quota_2018,2018-07-25,Rajasthan,5,4,0,5,190,7507
maratha_quota_2018,2018-07-26,Andhra Pradesh,2,1,0,2,116,7616
maratha_quota_2018,2018-07-26,Haryana,2,2,1,2,116,7616
maratha_quota_2018,2018-07-26,IN00,2,2,0,2,116,7616
maratha_quota_2018,2018-07-26,Maharashtra,22,14,6,22,116,7616
maratha_quota_2018,2018-07-26,Rajasthan,4,4,0,4,116,7616
maratha_quota_2018,2018-07-27,IN00,1,1,0,1,111,6735
maratha_quota_2018,2018-07-27,Maharashtra,16,13,1,16,111,6735
maratha_quota_2018,2018-07-28,Delhi,2,2,0,2,78,5765
maratha_quota_2018,2018-07-28,Maharashtra,2,1,0,2,78,5765
maratha_quota_2018,2018-07-29,Karnataka,1,1,0,1,85,4883
maratha_quota_2018,2018-07-29,Madhya Pradesh,1,1,0,1,85,4883
maratha_quota_2018,2018-07-29,Maharashtra,3,3,0,3,85,4883
maratha_quota_2018,2018-07-30,Maharashtra,30,14,13,30,142,7410
maratha_quota_2018,2018-07-30,Rajasthan,9,7,2,9,142,7410
maratha_quota_2018,2018-07-30,Tamil Nadu,1,1,0,1,142,7410
maratha_quota_2018,2018-07-31,Maharashtra,38,19,6,38,179,7646
maratha_quota_2018,2018-07-31,Odisha,2,1,0,2,179,7646
maratha_quota_2018,2018-07-31,Tamil Nadu,2,1,0,2,179,7646
maratha_quota_2018,2018-08-01,IN00,1,1,0,1,232,7856
maratha_quota_2018,2018-08-01,Maharashtra,42,20,2,42,232,7856
maratha_quota_2018,2018-08-02,Maharashtra,12,7,1,12,185,7652
maratha_quota_2018,2018-08-02,Rajasthan,1,1,0,1,185,7652
maratha_quota_2018,2018-08-03,India (country-level),1,1,0,1,174,7545
maratha_quota_2018,2018-08-03,Maharashtra,4,3,0,4,174,7545
maratha_quota_2018,2018-08-04,Maharashtra,1,1,0,1,152,5971
maratha_quota_2018,2018-08-05,Delhi,1,1,0,1,120,4890
maratha_quota_2018,2018-08-05,Gujarat,2,1,0,2,120,4890
maratha_quota_2018,2018-08-05,Haryana,1,1,0,1,120,4890
maratha_quota_2018,2018-08-05,Maharashtra,8,7,2,8,120,4890
maratha_quota_2018,2018-08-05,Rajasthan,2,1,0,2,120,4890
maratha_quota_2018,2018-08-06,Maharashtra,2,2,0,2,119,7727
maratha_quota_2018,2018-08-07,Delhi,2,1,0,2,224,9028
maratha_quota_2018,2018-08-07,Karnataka,2,1,0,2,224,9028
maratha_quota_2018,2018-08-07,Madhya Pradesh,1,1,0,1,224,9028
maratha_quota_2018,2018-08-07,Maharashtra,4,3,0,4,224,9028
maratha_quota_2018,2018-08-08,Maharashtra,14,9,0,14,121,9065
maratha_quota_2018,2018-08-09,Delhi,2,1,0,2,172,7769
maratha_quota_2018,2018-08-09,IN00,3,3,0,3,172,7769
maratha_quota_2018,2018-08-09,Maharashtra,40,21,0,40,172,7769
maratha_quota_2018,2018-08-09,Rajasthan,2,1,0,2,172,7769
maratha_quota_2018,2018-08-10,Maharashtra,26,9,1,26,167,7643
maratha_quota_2018,2018-08-10,Rajasthan,1,1,0,1,167,7643
maratha_quota_2018,2018-08-11,Maharashtra,3,2,0,3,158,5950
maratha_quota_2018,2018-08-12,Madhya Pradesh,1,1,0,1,79,5022
maratha_quota_2018,2018-08-12,Maharashtra,1,1,0,1,79,5022
gujjar_2019,2019-02-06,Rajasthan,1,1,0,1,153,7061
gujjar_2019,2019-02-07,Kerala,2,1,0,2,142,7276
gujjar_2019,2019-02-07,Uttar Pradesh,1,1,0,1,142,7276
gujjar_2019,2019-02-08,Delhi,1,1,0,1,160,7311
gujjar_2019,2019-02-08,Haryana,1,1,0,1,160,7311
gujjar_2019,2019-02-08,Jammu and Kashmir,1,1,0,1,160,7311
gujjar_2019,2019-02-08,Rajasthan,3,2,0,3,160,7311
gujjar_2019,2019-02-08,Uttar Pradesh,2,2,0,2,160,7311
gujjar_2019,2019-02-09,Maharashtra,1,1,0,1,163,6182
gujjar_2019,2019-02-09,Rajasthan,6,5,0,6,163,6182
gujjar_2019,2019-02-10,Delhi,1,1,0,1,199,5695
gujjar_2019,2019-02-10,Rajasthan,14,9,6,14,199,5695
gujjar_2019,2019-02-11,Maharashtra,2,1,0,2,323,7661
gujjar_2019,2019-02-11,Rajasthan,11,6,5,11,323,7661
gujjar_2019,2019-02-12,Rajasthan,5,1,3,5,207,8417
gujjar_2019,2019-02-13,Jammu and Kashmir,1,1,0,1,259,8337
gujjar_2019,2019-02-13,Maharashtra,1,1,0,1,259,8337
gujjar_2019,2019-02-13,Rajasthan,3,3,0,3,259,8337
gujjar_2019,2019-02-13,Uttar Pradesh,1,1,0,1,259,8337
gujjar_2019,2019-02-14,Maharashtra,2,1,0,2,162,8151
gujjar_2019,2019-02-14,Rajasthan,5,4,0,5,162,8151
gujjar_2019,2019-02-15,,0,0,0,0,254,10274
gujjar_2019,2019-02-16,,0,0,0,0,208,8305
gujjar_2019,2019-02-17,,0,0,0,0,141,6896
gujjar_2019,2019-02-18,,0,0,0,0,193,9617
