state,all_events,protest_events,population,all_events_intensity,protest_events_intensity
Delhi,241675,6298,16787941,14.8213,14.237
Lakshadweep,404,1,64473,6.4514,0.5886
Jammu & Kashmir,67468,1691,12541302,5.5387,5.117
Andaman & Nicobar Islands,1317,16,380581,3.5628,1.5955
Goa,4203,65,1458545,2.9668,1.6913
Nagaland,5052,87,1978502,2.6289,1.6688
Dadra & Nagar Haveli,755,5,343709,2.2616,0.5521
Puducherry,1978,89,1247953,1.6318,2.7065
Maharashtra,156395,3373,112374333,1.4329,1.1391
Tripura,5065,268,3673917,1.4194,2.7683
Karnataka,78919,1723,61095297,1.3299,1.0703
Andhra Pradesh,60072,2061,49386799,1.2523,1.5837
Uttarakhand,11791,198,10086292,1.2036,0.745
Haryana,27759,900,25351462,1.1273,1.3473
Mizoram,1130,49,1097206,1.0603,1.6948
Kerala,33199,796,33406061,1.0232,0.9043
Tamil Nadu,65811,2067,72147030,0.9391,1.0873
Punjab,23401,684,27743338,0.8684,0.9356
Manipur,2111,92,2855794,0.761,1.2226
Himachal Pradesh,4441,61,6864602,0.6661,0.3372
Gujarat,36887,986,60439692,0.6284,0.6191
West Bengal,54939,2540,91276115,0.6197,1.0561
Arunachal Pradesh,804,15,1383727,0.5982,0.4114
Rajasthan,38067,1026,68548437,0.5717,0.568
Uttar Pradesh,94566,2529,199812341,0.4873,0.4803
Madhya Pradesh,33071,926,72626809,0.4688,0.4839
Assam,13951,544,31205576,0.4603,0.6616
Bihar,42181,1116,104099452,0.4172,0.4068
Odisha,16978,441,41974218,0.4164,0.3987
Chhattisgarh,10309,216,25545198,0.4155,0.3209
Meghalaya,981,9,2966889,0.3404,0.1151
Jharkhand,6013,106,32988134,0.1877,0.1219
Chandigarh,182,1,1055450,0.1775,0.036
Sikkim,27,0,610577,0.0455,0.0
Daman & Diu,7,0,243247,0.0296,0.0
