state,hindu,muslim,christian,sikh,buddhist,jain,other_religion,religion_total,sc,st,obc,other,dont_know,caste_total
India,81.9,12.4,2.8,1.5,0.7,0.3,0.4,100.0,21.7,9.5,41.6,26.4,0.9,100.0
Urban,78.2,15.4,3.3,1.4,0.8,0.6,0.3,100.0,18.5,4.1,41.7,34.7,1.1,100.0
Rural,83.7,10.9,2.6,1.6,0.6,0.1,0.5,100.0,23.2,12.2,41.5,22.2,0.8,100.0
Chandigarh,75.9,7.6,0.5,15.9,0.0,0.0,0.0,100.0,23.4,0.6,13.8,59.7,2.6,100.0
Delhi,84.4,11.9,0.7,2.5,0.0,0.4,0.1,100.0,23.8,1.6,19.5,51.2,4.0,100.0
Haryana,90.9,5.4,0.1,3.5,0.0,0.1,0.0,100.0,29.1,1.1,28.4,40.9,0.5,100.0
Himachal Pradesh,96.0,1.8,0.2,1.3,0.7,0.0,0.0,100.0,23.8,5.3,14.7,55.9,0.3,100.0
Jammu & Kashmir,31.7,65.7,0.1,2.5,0.1,0.0,0.0,100.0,10.9,7.2,9.4,72.3,0.2,100.0
Ladakh,0.6,51.2,0.1,0.0,47.4,0.0,0.8,100.0,1.3,66.0,0.0,31.5,1.2,100.0
Punjab,38.3,1.1,1.7,58.5,0.1,0.0,0.3,100.0,44.1,0.6,13.6,39.6,2.1,100.0
Rajasthan,90.6,7.8,0.1,1.1,0.0,0.4,0.0,100.0,21.8,14.0,44.9,19.0,0.3,100.0
Uttarakhand,84.7,13.0,0.2,2.1,0.0,0.0,0.0,100.0,18.0,2.9,26.0,51.9,1.2,100.0
Chhattisgarh,96.6,1.4,1.4,0.2,0.1,0.1,0.3,100.0,16.9,30.3,44.6,8.2,0.1,100.0
Madhya Pradesh,93.9,4.8,0.1,0.1,0.1,0.4,0.5,100.0,17.5,21.2,42.8,17.5,1.0,100.0
Uttar Pradesh,82.8,16.7,0.1,0.2,0.1,0.1,0.0,100.0,26.0,1.7,50.4,21.7,0.3,100.0
Bihar,85.5,14.3,0.1,0.1,0.0,0.0,0.0,100.0,23.9,3.8,53.3,18.3,0.7,100.0
Jharkhand,76.6,11.8,4.1,0.2,0.0,0.1,7.2,100.0,17.1,28.2,42.7,11.1,0.9,100.0
Odisha,94.5,2.0,3.1,0.0,0.0,0.0,0.3,100.0,19.9,24.3,34.5,20.9,0.4,100.0
West Bengal,72.2,26.6,0.7,0.0,0.2,0.0,0.2,100.0,27.1,5.9,12.2,52.5,2.4,100.0
Arunachal Pradesh,21.9,1.4,40.3,0.0,16.1,0.0,20.2,100.0,6.6,76.8,4.4,11.9,0.4,100.0
Assam,63.1,33.7,3.0,0.0,0.2,0.0,0.1,100.0,13.4,13.0,25.6,47.7,0.4,100.0
Manipur,42.0,10.2,28.6,0.1,0.0,0.3,18.8,100.0,8.0,27.9,18.5,45.1,0.6,100.0
Meghalaya,10.8,3.7,79.7,0.0,0.0,0.0,5.7,100.0,2.5,89.3,0.7,7.3,0.2,100.0
Mizoram,1.3,0.4,91.4,0.0,6.7,0.0,0.1,100.0,2.8,94.6,1.0,1.2,0.5,100.0
Nagaland,7.0,1.3,91.6,0.0,0.1,0.0,0.1,100.0,3.9,91.5,1.0,3.4,0.2,100.0
Sikkim,57.1,1.7,13.3,0.0,27.4,0.0,0.4,100.0,5.6,35.3,50.2,8.3,0.7,100.0
Tripura,85.7,7.4,4.5,0.0,2.3,0.0,0.1,100.0,23.8,27.5,18.3,29.6,0.7,100.0
Dadra & Nagar Haveli and Daman & Diu,93.7,4.8,1.1,0.0,0.2,0.1,0.1,100.0,10.3,38.3,27.4,22.7,1.3,100.0
Goa,64.8,7.5,27.5,0.0,0.0,0.1,0.1,100.0,4.6,8.8,20.7,65.3,0.6,100.0
Gujarat,88.4,10.5,0.6,0.0,0.0,0.4,0.0,100.0,13.6,15.5,44.2,25.7,1.0,100.0
Maharashtra,80.6,10.2,1.1,0.3,6.1,1.3,0.4,100.0,17.0,11.0,27.8,42.8,1.4,100.0
Andaman & Nicobar Islands,68.5,8.7,22.4,0.3,0.0,0.0,0.1,100.0,1.2,7.9,19.4,70.4,1.1,100.0
Andhra Pradesh,82.7,7.0,10.1,0.0,0.0,0.0,0.1,100.0,21.1,4.1,50.3,24.4,0.0,100.0
Karnataka,87.5,10.2,1.7,0.0,0.0,0.5,0.1,100.0,20.0,10.8,55.1,13.4,0.7,100.0
Kerala,57.0,24.0,19.0,0.0,0.0,0.0,0.0,100.0,10.9,1.8,50.3,36.4,0.6,100.0
Lakshadweep,1.1,98.5,0.4,0.0,0.0,0.0,0.0,100.0,2.5,80.5,7.0,8.8,1.1,100.0
Puducherry,94.2,2.1,3.5,0.0,0.0,0.1,0.1,100.0,20.4,0.2,74.5,4.2,0.7,100.0
Tamil Nadu,91.0,3.3,5.6,0.0,0.0,0.0,0.1,100.0,26.7,1.9,68.6,2.0,0.7,100.0
Telangana,87.1,9.6,3.0,0.1,0.1,0.0,0.1,100.0,22.5,8.2,57.3,11.2,0.8,100.0
