state,governing_2018_04_02,nda_aligned_2018_04_02,governing_2024_08_21,nda_aligned_2024_08_21
Uttar Pradesh,BJP,1,BJP,1
Maharashtra,BJP-Shiv Sena,1,Shiv Sena (Shinde)-BJP-NCP (Ajit Pawar),1
Bihar,JD(U)-BJP,1,JD(U)-BJP,1
West Bengal,AITC,0,AITC,0
Madhya Pradesh,BJP,1,BJP,1
Tamil Nadu,AIADMK,0,DMK,0
Rajasthan,BJP,1,BJP,1
Karnataka,INC,0,INC,0
Gujarat,BJP,1,BJP,1
Andhra Pradesh,TDP (left NDA March 2018),0,TDP-JSP-BJP,1
Odisha,BJD,0,BJP,1
Telangana,TRS,0,INC,0
Kerala,LDF,0,LDF,0
Jharkhand,BJP,1,JMM-INC-RJD,0
Assam,BJP,1,BJP,1
Punjab,INC,0,AAP,0
Chhattisgarh,BJP,1,BJP,1
Haryana,BJP,1,BJP,1
Delhi,AAP,0,AAP,0
Jammu & Kashmir,PDP-BJP,1,Union Territory (central administration),1
Uttarakhand,BJP,1,BJP,1
Himachal Pradesh,BJP,1,INC,0
