year,crl_rank,category,category_rank,report,matches_report
2021,2933.0,GEN,,https://jeeadv.ac.in/reports/2021.pdf,
2021,4777.0,OBC-NCL,822.0,https://jeeadv.ac.in/reports/2021.pdf,
2021,6873.0,GEN-EWS,749.0,https://jeeadv.ac.in/reports/2021.pdf,
2021,7394.0,GEN,,https://jeeadv.ac.in/reports/2021.pdf,
2021,8052.0,GEN,,https://jeeadv.ac.in/reports/2021.pdf,
2021,8703.0,OBC-NCL,1669.0,https://jeeadv.ac.in/reports/2021.pdf,
2021,11149.0,OBC-NCL,2264.0,https://jeeadv.ac.in/reports/2021.pdf,
2021,11307.0,SC,256.0,https://jeeadv.ac.in/reports/2021.pdf,
2021,13700.0,OBC-NCL,2860.0,https://jeeadv.ac.in/reports/2021.pdf,
2021,14363.0,GEN,,https://jeeadv.ac.in/reports/2021.pdf,
2021,14434.0,OBC-NCL,3037.0,https://jeeadv.ac.in/reports/2021.pdf,
2021,14824.0,GEN-EWS,1949.0,https://jeeadv.ac.in/reports/2021.pdf,
2021,14896.0,OBC-NCL,3172.0,https://jeeadv.ac.in/reports/2021.pdf,
2021,15044.0,GEN-EWS,1975.0,https://jeeadv.ac.in/reports/2021.pdf,
2021,16850.0,GEN,,https://jeeadv.ac.in/reports/2021.pdf,
2021,22852.0,GEN,,https://jeeadv.ac.in/reports/2021.pdf,
2021,27308.0,GEN-EWS,3936.0,https://jeeadv.ac.in/reports/2021.pdf,
2021,29771.0,GEN-EWS,4308.0,https://jeeadv.ac.in/reports/2021.pdf,
2021,,OBC-NCL,8377.0,https://jeeadv.ac.in/reports/2021.pdf,
2021,,SC,1898.0,https://jeeadv.ac.in/reports/2021.pdf,
2022,4847.0,GEN,,https://jeeadv.ac.in/reports/2022.pdf,
2022,6459.0,OBC-NCL,1306.0,https://jeeadv.ac.in/reports/2022.pdf,
2022,7637.0,GEN,,https://jeeadv.ac.in/reports/2022.pdf,
2022,10972.0,GEN,,https://jeeadv.ac.in/reports/2022.pdf,
2022,11225.0,GEN,,https://jeeadv.ac.in/reports/2022.pdf,
2022,11264.0,OBC-NCL,2594.0,https://jeeadv.ac.in/reports/2022.pdf,
2022,16187.0,OBC-NCL,3961.0,https://jeeadv.ac.in/reports/2022.pdf,
2022,18021.0,GEN-EWS,2552.0,https://jeeadv.ac.in/reports/2022.pdf,
2022,18093.0,GEN-EWS,2569.0,https://jeeadv.ac.in/reports/2022.pdf,
2022,23871.0,OBC-NCL,6221.0,https://jeeadv.ac.in/reports/2022.pdf,
2022,24692.0,OBC-NCL,6497.0,https://jeeadv.ac.in/reports/2022.pdf,
2022,26153.0,GEN-EWS,3892.0,https://jeeadv.ac.in/reports/2022.pdf,
2022,28722.0,GEN-EWS,4328.0,https://jeeadv.ac.in/reports/2022.pdf,
2022,,SC,2852.0,https://jeeadv.ac.in/reports/2022.pdf,
2022,,SC,3862.0,https://jeeadv.ac.in/reports/2022.pdf,
2022,,SC,3494.0,https://jeeadv.ac.in/reports/2022.pdf,
2022,,SC,1889.0,https://jeeadv.ac.in/reports/2022.pdf,
2022,,SC,1837.0,https://jeeadv.ac.in/reports/2022.pdf,
2022,,SC,1417.0,https://jeeadv.ac.in/reports/2022.pdf,
2022,,SC,4273.0,https://jeeadv.ac.in/reports/2022.pdf,
2023,915.0,GEN,,https://jeeadv.ac.in/reports/2023.pdf,
2023,4374.0,GEN,,https://jeeadv.ac.in/reports/2023.pdf,
2023,6134.0,GEN,,https://jeeadv.ac.in/reports/2023.pdf,
2023,6889.0,GEN-EWS,883.0,https://jeeadv.ac.in/reports/2023.pdf,
2023,10605.0,OBC-NCL,2452.0,https://jeeadv.ac.in/reports/2023.pdf,
2023,13070.0,OBC-NCL,3131.0,https://jeeadv.ac.in/reports/2023.pdf,
2023,13571.0,GEN-EWS,1951.0,https://jeeadv.ac.in/reports/2023.pdf,
2023,16496.0,OBC-NCL,4103.0,https://jeeadv.ac.in/reports/2023.pdf,
2023,17088.0,OBC-NCL,4286.0,https://jeeadv.ac.in/reports/2023.pdf,
2023,18017.0,OBC-NCL,4560.0,https://jeeadv.ac.in/reports/2023.pdf,
2023,19270.0,SC,668.0,https://jeeadv.ac.in/reports/2023.pdf,
2023,19694.0,GEN,,https://jeeadv.ac.in/reports/2023.pdf,
2023,24331.0,OBC-NCL,6416.0,https://jeeadv.ac.in/reports/2023.pdf,
2023,,OBC-NCL,7556.0,https://jeeadv.ac.in/reports/2023.pdf,
2023,,SC,2837.0,https://jeeadv.ac.in/reports/2023.pdf,
2023,,GEN-EWS,4722.0,https://jeeadv.ac.in/reports/2023.pdf,
2023,,SC,2924.0,https://jeeadv.ac.in/reports/2023.pdf,
2023,,OBC-NCL,7697.0,https://jeeadv.ac.in/reports/2023.pdf,
2023,,SC,3498.0,https://jeeadv.ac.in/reports/2023.pdf,
2023,,SC,2643.0,https://jeeadv.ac.in/reports/2023.pdf,
2024,3111.0,OBC-NCL,546.0,https://jeeadv.ac.in/reports/2024.pdf,
2024,6875.0,OBC-NCL,1416.0,https://jeeadv.ac.in/reports/2024.pdf,
2024,8823.0,GEN,,https://jeeadv.ac.in/reports/2024.pdf,
2024,10619.0,OBC-NCL,2362.0,https://jeeadv.ac.in/reports/2024.pdf,
2024,10753.0,OBC-NCL,2401.0,https://jeeadv.ac.in/reports/2024.pdf,
2024,11935.0,OBC-NCL,2732.0,https://jeeadv.ac.in/reports/2024.pdf,
2024,12189.0,GEN,,https://jeeadv.ac.in/reports/2024.pdf,
2024,15936.0,OBC-NCL,3888.0,https://jeeadv.ac.in/reports/2024.pdf,
2024,16327.0,GEN-EWS,2286.0,https://jeeadv.ac.in/reports/2024.pdf,
2024,17297.0,OBC-NCL,4244.0,https://jeeadv.ac.in/reports/2024.pdf,
2024,18941.0,GEN-EWS,2719.0,https://jeeadv.ac.in/reports/2024.pdf,
2024,19288.0,GEN,,https://jeeadv.ac.in/reports/2024.pdf,
2024,19343.0,GEN,,https://jeeadv.ac.in/reports/2024.pdf,
2024,21071.0,OBC-NCL,5318.0,https://jeeadv.ac.in/reports/2024.pdf,
2024,24468.0,GEN-EWS,3731.0,https://jeeadv.ac.in/reports/2024.pdf,
2024,25279.0,OBC-NCL,6597.0,https://jeeadv.ac.in/reports/2024.pdf,
2024,,SC,1214.0,https://jeeadv.ac.in/reports/2024.pdf,
2024,,ST,707.0,https://jeeadv.ac.in/reports/2024.pdf,
2024,,GEN-EWS,5073.0,https://jeeadv.ac.in/reports/2024.pdf,
2024,,ST,1195.0,https://jeeadv.ac.in/reports/2024.pdf,
2025,2668.0,GEN,,https://jeeadv.ac.in/reports/2025.pdf,
2025,4051.0,GEN,,https://jeeadv.ac.in/reports/2025.pdf,
2025,5198.0,OBC-NCL,1010.0,https://jeeadv.ac.in/reports/2025.pdf,
2025,7128.0,OBC-NCL,1498.0,https://jeeadv.ac.in/reports/2025.pdf,
2025,8919.0,OBC-NCL,1980.0,https://jeeadv.ac.in/reports/2025.pdf,
2025,9065.0,GEN,,https://jeeadv.ac.in/reports/2025.pdf,
2025,9977.0,GEN-EWS,1228.0,https://jeeadv.ac.in/reports/2025.pdf,
2025,15761.0,GEN,,https://jeeadv.ac.in/reports/2025.pdf,
2025,15899.0,OBC-NCL,4015.0,https://jeeadv.ac.in/reports/2025.pdf,
2025,17297.0,GEN-EWS,2368.0,https://jeeadv.ac.in/reports/2025.pdf,
2025,26795.0,OBC-NCL,7484.0,https://jeeadv.ac.in/reports/2025.pdf,
2025,28610.0,SC,947.0,https://jeeadv.ac.in/reports/2025.pdf,
2025,,OBC-NCL,11123.0,https://jeeadv.ac.in/reports/2025.pdf,
2025,,OBC-NCL,12375.0,https://jeeadv.ac.in/reports/2025.pdf,
2025,,OBC-NCL,11012.0,https://jeeadv.ac.in/reports/2025.pdf,
2025,,GEN-EWS,5800.0,https://jeeadv.ac.in/reports/2025.pdf,
2025,,OBC-NCL,11342.0,https://jeeadv.ac.in/reports/2025.pdf,
2025,,OBC-NCL,12091.0,https://jeeadv.ac.in/reports/2025.pdf,
2025,,GEN-EWS,5971.0,https://jeeadv.ac.in/reports/2025.pdf,
2025,,SC,2729.0,https://jeeadv.ac.in/reports/2025.pdf,
